measured_at,lake,kind,value,unit,fetched_at
22.07.2026 01:15,forggensee,level,780.7,m ü. NN,2026-07-21T23:24:46+00:00
22.07.2026 01:15,bodensee,temp,24.0,°C,2026-07-21T23:24:46+00:00
22.07.2026 01:15,bodensee,level,394.92,m ü. NN,2026-07-21T23:24:46+00:00
22.07.2026 01:15,rottachsee,temp,23.0,°C,2026-07-21T23:24:46+00:00
22.07.2026 01:15,rottachsee,level,849.2,m ü. NN,2026-07-21T23:24:46+00:00
22.07.2026 01:15,gruentensee,level,876.04,m ü. NN,2026-07-21T23:24:46+00:00
22.07.2026 02:45,forggensee,level,780.69,m ü. NN,2026-07-22T01:00:27+00:00
22.07.2026 02:45,bodensee,temp,23.8,°C,2026-07-22T01:00:27+00:00
22.07.2026 02:45,bodensee,level,394.92,m ü. NN,2026-07-22T01:00:27+00:00
22.07.2026 02:45,rottachsee,temp,23.0,°C,2026-07-22T01:00:27+00:00
22.07.2026 02:45,rottachsee,level,849.2,m ü. NN,2026-07-22T01:00:27+00:00
22.07.2026 02:45,gruentensee,level,876.04,m ü. NN,2026-07-22T01:00:27+00:00
22.07.2026 07:45,forggensee,level,780.69,m ü. NN,2026-07-22T05:53:59+00:00
22.07.2026 07:45,bodensee,temp,23.4,°C,2026-07-22T05:53:59+00:00
22.07.2026 07:45,bodensee,level,394.91,m ü. NN,2026-07-22T05:53:59+00:00
22.07.2026 07:45,rottachsee,temp,22.8,°C,2026-07-22T05:53:59+00:00
22.07.2026 07:45,rottachsee,level,849.2,m ü. NN,2026-07-22T05:53:59+00:00
22.07.2026 07:45,gruentensee,level,876.03,m ü. NN,2026-07-22T05:53:59+00:00
22.07.2026 09:30,forggensee,level,780.69,m ü. NN,2026-07-22T07:34:01+00:00
22.07.2026 09:30,bodensee,temp,23.3,°C,2026-07-22T07:34:01+00:00
22.07.2026 09:30,bodensee,level,394.91,m ü. NN,2026-07-22T07:34:01+00:00
22.07.2026 09:30,rottachsee,temp,22.8,°C,2026-07-22T07:34:01+00:00
22.07.2026 09:30,rottachsee,level,849.2,m ü. NN,2026-07-22T07:34:01+00:00
22.07.2026 09:30,gruentensee,level,876.03,m ü. NN,2026-07-22T07:34:01+00:00
22.07.2026 09:15,forggensee,level,780.69,m ü. NN,2026-07-22T07:22:45+00:00
22.07.2026 09:15,bodensee,temp,23.3,°C,2026-07-22T07:22:45+00:00
22.07.2026 09:15,bodensee,level,394.91,m ü. NN,2026-07-22T07:22:45+00:00
22.07.2026 09:15,rottachsee,temp,22.8,°C,2026-07-22T07:22:45+00:00
22.07.2026 09:15,rottachsee,level,849.2,m ü. NN,2026-07-22T07:22:45+00:00
22.07.2026 09:15,gruentensee,level,876.03,m ü. NN,2026-07-22T07:22:45+00:00
22.07.2026 09:15,iller-kempten,temp,16.2,°C,2026-07-22T07:22:45+00:00
22.07.2026 09:15,iller-kempten,level,93.0,cm,2026-07-22T07:22:45+00:00
22.07.2026 09:15,iller-kempten,discharge,15.3,m³/s,2026-07-22T07:22:45+00:00
22.07.2026 09:15,iller-sonthofen,temp,11.3,°C,2026-07-22T07:22:45+00:00
22.07.2026 09:15,iller-sonthofen,level,58.0,cm,2026-07-22T07:22:45+00:00
22.07.2026 09:15,iller-sonthofen,discharge,7.36,m³/s,2026-07-22T07:22:45+00:00
22.07.2026 09:30,iller-kempten,temp,16.3,°C,2026-07-22T07:33:32+00:00
22.07.2026 09:30,iller-kempten,level,93.0,cm,2026-07-22T07:33:32+00:00
22.07.2026 09:30,iller-kempten,discharge,15.3,m³/s,2026-07-22T07:33:32+00:00
22.07.2026 12:15,forggensee,level,780.69,m ü. NN,2026-07-22T10:25:20+00:00
22.07.2026 12:15,bodensee,temp,23.7,°C,2026-07-22T10:25:20+00:00
22.07.2026 12:15,bodensee,level,394.91,m ü. NN,2026-07-22T10:25:20+00:00
22.07.2026 12:15,rottachsee,temp,23.1,°C,2026-07-22T10:25:20+00:00
22.07.2026 12:15,rottachsee,level,849.2,m ü. NN,2026-07-22T10:25:20+00:00
22.07.2026 12:15,gruentensee,level,876.03,m ü. NN,2026-07-22T10:25:20+00:00
22.07.2026 12:15,iller-kempten,temp,16.5,°C,2026-07-22T10:25:20+00:00
22.07.2026 12:15,iller-kempten,level,93.0,cm,2026-07-22T10:25:20+00:00
22.07.2026 12:15,iller-kempten,discharge,15.3,m³/s,2026-07-22T10:25:20+00:00
22.07.2026 12:15,iller-sonthofen,temp,13.5,°C,2026-07-22T10:25:20+00:00
22.07.2026 12:15,iller-sonthofen,level,58.0,cm,2026-07-22T10:25:20+00:00
22.07.2026 12:15,iller-sonthofen,discharge,7.36,m³/s,2026-07-22T10:25:20+00:00
22.07.2026 14:00,forggensee,level,780.69,m ü. NN,2026-07-22T12:12:01+00:00
22.07.2026 14:00,bodensee,temp,24.5,°C,2026-07-22T12:12:01+00:00
22.07.2026 14:00,bodensee,level,394.9,m ü. NN,2026-07-22T12:12:01+00:00
22.07.2026 14:00,rottachsee,temp,23.0,°C,2026-07-22T12:12:01+00:00
22.07.2026 14:00,rottachsee,level,849.19,m ü. NN,2026-07-22T12:12:01+00:00
22.07.2026 14:00,gruentensee,level,876.03,m ü. NN,2026-07-22T12:12:01+00:00
22.07.2026 14:00,iller-kempten,temp,16.9,°C,2026-07-22T12:12:01+00:00
22.07.2026 14:00,iller-kempten,level,93.0,cm,2026-07-22T12:12:01+00:00
22.07.2026 14:00,iller-kempten,discharge,15.3,m³/s,2026-07-22T12:12:01+00:00
22.07.2026 14:00,iller-sonthofen,temp,15.0,°C,2026-07-22T12:12:01+00:00
22.07.2026 14:00,iller-sonthofen,level,57.0,cm,2026-07-22T12:12:01+00:00
22.07.2026 14:00,iller-sonthofen,discharge,6.99,m³/s,2026-07-22T12:12:01+00:00
22.07.2026 16:30,forggensee,level,780.68,m ü. NN,2026-07-22T14:34:18+00:00
22.07.2026 16:30,bodensee,temp,24.7,°C,2026-07-22T14:34:18+00:00
22.07.2026 16:30,bodensee,level,394.9,m ü. NN,2026-07-22T14:34:18+00:00
22.07.2026 16:30,rottachsee,temp,23.0,°C,2026-07-22T14:34:18+00:00
22.07.2026 16:30,rottachsee,level,849.18,m ü. NN,2026-07-22T14:34:18+00:00
22.07.2026 16:30,gruentensee,level,876.03,m ü. NN,2026-07-22T14:34:18+00:00
22.07.2026 16:30,iller-kempten,temp,17.5,°C,2026-07-22T14:34:18+00:00
22.07.2026 16:30,iller-kempten,level,97.0,cm,2026-07-22T14:34:18+00:00
22.07.2026 16:30,iller-kempten,discharge,17.2,m³/s,2026-07-22T14:34:18+00:00
22.07.2026 16:30,iller-sonthofen,temp,16.9,°C,2026-07-22T14:34:18+00:00
22.07.2026 16:30,iller-sonthofen,level,57.0,cm,2026-07-22T14:34:18+00:00
22.07.2026 16:30,iller-sonthofen,discharge,6.99,m³/s,2026-07-22T14:34:18+00:00
22.07.2026 18:15,forggensee,level,780.68,m ü. NN,2026-07-22T16:19:54+00:00
22.07.2026 18:15,bodensee,temp,24.7,°C,2026-07-22T16:19:54+00:00
22.07.2026 18:15,bodensee,level,394.9,m ü. NN,2026-07-22T16:19:54+00:00
22.07.2026 18:15,rottachsee,temp,23.0,°C,2026-07-22T16:19:54+00:00
22.07.2026 18:15,rottachsee,level,849.18,m ü. NN,2026-07-22T16:19:54+00:00
22.07.2026 18:15,gruentensee,level,876.03,m ü. NN,2026-07-22T16:19:54+00:00
22.07.2026 18:15,iller-kempten,temp,17.7,°C,2026-07-22T16:19:54+00:00
22.07.2026 18:15,iller-kempten,level,96.0,cm,2026-07-22T16:19:54+00:00
22.07.2026 18:15,iller-kempten,discharge,16.7,m³/s,2026-07-22T16:19:54+00:00
22.07.2026 18:15,iller-sonthofen,temp,17.2,°C,2026-07-22T16:19:54+00:00
22.07.2026 18:15,iller-sonthofen,level,56.0,cm,2026-07-22T16:19:54+00:00
22.07.2026 18:15,iller-sonthofen,discharge,6.63,m³/s,2026-07-22T16:19:54+00:00
22.07.2026 18:15,grosser-alpsee,level,724.85,m ü. NN,2026-07-22T16:29:44+00:00
22.07.2026 05:00,bannwaldsee,level,785.84,m ü. NN,2026-07-22T16:29:44+00:00
22.07.2026 18:00,hopfensee,level,783.83,m ü. NN,2026-07-22T16:29:44+00:00
22.07.2026 18:15,weissensee,level,787.29,m ü. NN,2026-07-22T16:29:44+00:00
22.07.2026 05:00,niedersonthofener-see,level,704.02,m ü. NN,2026-07-22T16:29:44+00:00
22.07.2026 19:45,forggensee,level,780.68,m ü. NN,2026-07-22T17:50:01+00:00
22.07.2026 19:45,bodensee,temp,24.6,°C,2026-07-22T17:50:01+00:00
22.07.2026 19:45,bodensee,level,394.91,m ü. NN,2026-07-22T17:50:01+00:00
22.07.2026 19:45,rottachsee,temp,22.8,°C,2026-07-22T17:50:01+00:00
22.07.2026 19:45,rottachsee,level,849.17,m ü. NN,2026-07-22T17:50:01+00:00
22.07.2026 19:45,gruentensee,level,876.03,m ü. NN,2026-07-22T17:50:01+00:00
22.07.2026 19:45,grosser-alpsee,level,724.85,m ü. NN,2026-07-22T17:50:01+00:00
22.07.2026 19:45,hopfensee,level,783.82,m ü. NN,2026-07-22T17:50:01+00:00
22.07.2026 19:45,weissensee,level,787.29,m ü. NN,2026-07-22T17:50:01+00:00
22.07.2026 19:45,iller-kempten,temp,17.6,°C,2026-07-22T17:50:01+00:00
22.07.2026 19:45,iller-kempten,level,95.0,cm,2026-07-22T17:50:01+00:00
22.07.2026 19:45,iller-kempten,discharge,16.2,m³/s,2026-07-22T17:50:01+00:00
22.07.2026 19:45,iller-sonthofen,temp,16.8,°C,2026-07-22T17:50:01+00:00
22.07.2026 19:45,iller-sonthofen,level,56.0,cm,2026-07-22T17:50:01+00:00
22.07.2026 19:45,iller-sonthofen,discharge,6.63,m³/s,2026-07-22T17:50:01+00:00
22.07.2026 21:15,forggensee,level,780.68,m ü. NN,2026-07-22T19:20:07+00:00
22.07.2026 21:15,bodensee,temp,24.5,°C,2026-07-22T19:20:07+00:00
22.07.2026 21:15,bodensee,level,394.91,m ü. NN,2026-07-22T19:20:07+00:00
22.07.2026 21:15,rottachsee,temp,22.7,°C,2026-07-22T19:20:07+00:00
22.07.2026 21:15,rottachsee,level,849.17,m ü. NN,2026-07-22T19:20:07+00:00
22.07.2026 21:15,gruentensee,level,876.03,m ü. NN,2026-07-22T19:20:07+00:00
22.07.2026 21:15,grosser-alpsee,level,724.85,m ü. NN,2026-07-22T19:20:07+00:00
22.07.2026 21:15,hopfensee,level,783.83,m ü. NN,2026-07-22T19:20:07+00:00
22.07.2026 21:15,weissensee,level,787.29,m ü. NN,2026-07-22T19:20:07+00:00
22.07.2026 21:15,iller-kempten,temp,17.5,°C,2026-07-22T19:20:07+00:00
22.07.2026 21:15,iller-kempten,level,93.0,cm,2026-07-22T19:20:07+00:00
22.07.2026 21:15,iller-kempten,discharge,15.3,m³/s,2026-07-22T19:20:07+00:00
22.07.2026 21:15,iller-sonthofen,temp,16.2,°C,2026-07-22T19:20:07+00:00
22.07.2026 21:15,iller-sonthofen,level,56.0,cm,2026-07-22T19:20:07+00:00
22.07.2026 21:15,iller-sonthofen,discharge,6.63,m³/s,2026-07-22T19:20:07+00:00
22.07.2026 22:30,forggensee,level,780.68,m ü. NN,2026-07-22T20:38:12+00:00
22.07.2026 22:30,bodensee,temp,24.4,°C,2026-07-22T20:38:12+00:00
22.07.2026 22:30,bodensee,level,394.91,m ü. NN,2026-07-22T20:38:12+00:00
22.07.2026 22:30,rottachsee,temp,22.6,°C,2026-07-22T20:38:12+00:00
22.07.2026 22:30,rottachsee,level,849.16,m ü. NN,2026-07-22T20:38:12+00:00
22.07.2026 22:30,gruentensee,level,876.03,m ü. NN,2026-07-22T20:38:12+00:00
22.07.2026 22:30,grosser-alpsee,level,724.85,m ü. NN,2026-07-22T20:38:12+00:00
22.07.2026 22:15,hopfensee,level,783.83,m ü. NN,2026-07-22T20:38:12+00:00
22.07.2026 22:30,weissensee,level,787.28,m ü. NN,2026-07-22T20:38:12+00:00
22.07.2026 22:30,iller-kempten,temp,17.5,°C,2026-07-22T20:38:12+00:00
22.07.2026 22:30,iller-kempten,level,93.0,cm,2026-07-22T20:38:12+00:00
22.07.2026 22:30,iller-kempten,discharge,15.3,m³/s,2026-07-22T20:38:12+00:00
22.07.2026 22:30,iller-sonthofen,temp,15.6,°C,2026-07-22T20:38:12+00:00
22.07.2026 22:30,iller-sonthofen,level,56.0,cm,2026-07-22T20:38:12+00:00
22.07.2026 22:30,iller-sonthofen,discharge,6.63,m³/s,2026-07-22T20:38:12+00:00
23.07.2026 00:00,forggensee,level,780.68,m ü. NN,2026-07-22T22:03:39+00:00
23.07.2026 00:00,bodensee,temp,24.2,°C,2026-07-22T22:03:39+00:00
23.07.2026 00:00,bodensee,level,394.91,m ü. NN,2026-07-22T22:03:39+00:00
23.07.2026 00:00,rottachsee,temp,22.5,°C,2026-07-22T22:03:39+00:00
23.07.2026 00:00,rottachsee,level,849.16,m ü. NN,2026-07-22T22:03:39+00:00
23.07.2026 00:00,gruentensee,level,876.03,m ü. NN,2026-07-22T22:03:39+00:00
23.07.2026 00:00,grosser-alpsee,level,724.85,m ü. NN,2026-07-22T22:03:39+00:00
23.07.2026 00:00,hopfensee,level,783.83,m ü. NN,2026-07-22T22:03:39+00:00
23.07.2026 00:00,weissensee,level,787.29,m ü. NN,2026-07-22T22:03:39+00:00
23.07.2026 00:00,iller-kempten,temp,17.5,°C,2026-07-22T22:03:39+00:00
23.07.2026 00:00,iller-kempten,level,94.0,cm,2026-07-22T22:03:39+00:00
23.07.2026 00:00,iller-kempten,discharge,15.8,m³/s,2026-07-22T22:03:39+00:00
23.07.2026 00:00,iller-sonthofen,temp,15.0,°C,2026-07-22T22:03:39+00:00
23.07.2026 00:00,iller-sonthofen,level,55.0,cm,2026-07-22T22:03:39+00:00
23.07.2026 00:00,iller-sonthofen,discharge,6.3,m³/s,2026-07-22T22:03:39+00:00
23.07.2026 01:15,forggensee,level,780.68,m ü. NN,2026-07-22T23:29:57+00:00
23.07.2026 01:15,bodensee,temp,24.1,°C,2026-07-22T23:29:57+00:00
23.07.2026 01:15,bodensee,level,394.9,m ü. NN,2026-07-22T23:29:57+00:00
23.07.2026 01:15,rottachsee,temp,22.4,°C,2026-07-22T23:29:57+00:00
23.07.2026 01:15,rottachsee,level,849.16,m ü. NN,2026-07-22T23:29:57+00:00
23.07.2026 01:15,gruentensee,level,876.03,m ü. NN,2026-07-22T23:29:57+00:00
23.07.2026 01:15,grosser-alpsee,level,724.85,m ü. NN,2026-07-22T23:29:57+00:00
23.07.2026 01:00,hopfensee,level,783.83,m ü. NN,2026-07-22T23:29:57+00:00
23.07.2026 01:15,weissensee,level,787.28,m ü. NN,2026-07-22T23:29:57+00:00
23.07.2026 01:15,iller-kempten,temp,17.5,°C,2026-07-22T23:29:57+00:00
23.07.2026 01:15,iller-kempten,level,94.0,cm,2026-07-22T23:29:57+00:00
23.07.2026 01:15,iller-kempten,discharge,15.8,m³/s,2026-07-22T23:29:57+00:00
23.07.2026 01:15,iller-sonthofen,temp,14.5,°C,2026-07-22T23:29:57+00:00
23.07.2026 01:15,iller-sonthofen,level,55.0,cm,2026-07-22T23:29:57+00:00
23.07.2026 01:15,iller-sonthofen,discharge,6.3,m³/s,2026-07-22T23:29:57+00:00
23.07.2026 03:00,forggensee,level,780.68,m ü. NN,2026-07-23T01:05:37+00:00
23.07.2026 03:00,bodensee,temp,24.0,°C,2026-07-23T01:05:37+00:00
23.07.2026 03:00,bodensee,level,394.91,m ü. NN,2026-07-23T01:05:37+00:00
23.07.2026 03:00,rottachsee,temp,22.3,°C,2026-07-23T01:05:37+00:00
23.07.2026 03:00,rottachsee,level,849.15,m ü. NN,2026-07-23T01:05:37+00:00
23.07.2026 03:00,gruentensee,level,876.03,m ü. NN,2026-07-23T01:05:37+00:00
23.07.2026 03:00,grosser-alpsee,level,724.85,m ü. NN,2026-07-23T01:05:37+00:00
23.07.2026 03:00,hopfensee,level,783.83,m ü. NN,2026-07-23T01:05:37+00:00
23.07.2026 03:00,weissensee,level,787.28,m ü. NN,2026-07-23T01:05:37+00:00
23.07.2026 03:00,iller-kempten,temp,17.4,°C,2026-07-23T01:05:37+00:00
23.07.2026 03:00,iller-kempten,level,94.0,cm,2026-07-23T01:05:37+00:00
23.07.2026 03:00,iller-kempten,discharge,15.8,m³/s,2026-07-23T01:05:37+00:00
23.07.2026 03:00,iller-sonthofen,temp,13.7,°C,2026-07-23T01:05:37+00:00
23.07.2026 03:00,iller-sonthofen,level,55.0,cm,2026-07-23T01:05:37+00:00
23.07.2026 03:00,iller-sonthofen,discharge,6.3,m³/s,2026-07-23T01:05:37+00:00
23.07.2026 06:45,forggensee,level,780.67,m ü. NN,2026-07-23T04:51:12+00:00
23.07.2026 06:45,bodensee,temp,23.6,°C,2026-07-23T04:51:12+00:00
23.07.2026 06:45,bodensee,level,394.9,m ü. NN,2026-07-23T04:51:12+00:00
23.07.2026 06:45,rottachsee,temp,22.1,°C,2026-07-23T04:51:12+00:00
23.07.2026 06:45,rottachsee,level,849.14,m ü. NN,2026-07-23T04:51:12+00:00
23.07.2026 06:45,gruentensee,level,876.03,m ü. NN,2026-07-23T04:51:12+00:00
23.07.2026 06:45,grosser-alpsee,level,724.85,m ü. NN,2026-07-23T04:51:12+00:00
23.07.2026 05:00,bannwaldsee,level,785.84,m ü. NN,2026-07-23T04:51:12+00:00
23.07.2026 06:45,hopfensee,level,783.83,m ü. NN,2026-07-23T04:51:12+00:00
23.07.2026 06:45,weissensee,level,787.28,m ü. NN,2026-07-23T04:51:12+00:00
23.07.2026 05:00,niedersonthofener-see,level,704.02,m ü. NN,2026-07-23T04:51:12+00:00
23.07.2026 06:45,iller-kempten,temp,17.1,°C,2026-07-23T04:51:12+00:00
23.07.2026 06:45,iller-kempten,level,96.0,cm,2026-07-23T04:51:12+00:00
23.07.2026 06:45,iller-kempten,discharge,16.7,m³/s,2026-07-23T04:51:12+00:00
23.07.2026 06:45,iller-sonthofen,temp,12.3,°C,2026-07-23T04:51:12+00:00
23.07.2026 06:45,iller-sonthofen,level,55.0,cm,2026-07-23T04:51:12+00:00
23.07.2026 06:45,iller-sonthofen,discharge,6.3,m³/s,2026-07-23T04:51:12+00:00
23.07.2026 09:15,forggensee,level,780.67,m ü. NN,2026-07-23T07:33:03+00:00
23.07.2026 09:15,bodensee,temp,23.5,°C,2026-07-23T07:33:03+00:00
23.07.2026 09:15,bodensee,level,394.9,m ü. NN,2026-07-23T07:33:03+00:00
23.07.2026 09:15,rottachsee,temp,22.3,°C,2026-07-23T07:33:03+00:00
23.07.2026 09:15,rottachsee,level,849.13,m ü. NN,2026-07-23T07:33:03+00:00
23.07.2026 09:15,gruentensee,level,876.03,m ü. NN,2026-07-23T07:33:03+00:00
23.07.2026 09:15,grosser-alpsee,level,724.84,m ü. NN,2026-07-23T07:33:03+00:00
23.07.2026 09:15,hopfensee,level,783.83,m ü. NN,2026-07-23T07:33:03+00:00
23.07.2026 09:15,weissensee,level,787.28,m ü. NN,2026-07-23T07:33:03+00:00
23.07.2026 09:15,iller-kempten,temp,16.9,°C,2026-07-23T07:33:03+00:00
23.07.2026 09:15,iller-kempten,level,95.0,cm,2026-07-23T07:33:03+00:00
23.07.2026 09:15,iller-kempten,discharge,16.2,m³/s,2026-07-23T07:33:03+00:00
23.07.2026 09:15,iller-sonthofen,temp,12.0,°C,2026-07-23T07:33:03+00:00
23.07.2026 09:15,iller-sonthofen,level,56.0,cm,2026-07-23T07:33:03+00:00
23.07.2026 09:15,iller-sonthofen,discharge,6.63,m³/s,2026-07-23T07:33:03+00:00
23.07.2026 12:15,forggensee,level,780.66,m ü. NN,2026-07-23T10:23:19+00:00
23.07.2026 12:15,bodensee,temp,23.8,°C,2026-07-23T10:23:19+00:00
23.07.2026 12:15,bodensee,level,394.89,m ü. NN,2026-07-23T10:23:19+00:00
23.07.2026 12:15,rottachsee,temp,22.7,°C,2026-07-23T10:23:19+00:00
23.07.2026 12:15,rottachsee,level,849.12,m ü. NN,2026-07-23T10:23:19+00:00
23.07.2026 12:15,gruentensee,level,876.03,m ü. NN,2026-07-23T10:23:19+00:00
23.07.2026 12:15,grosser-alpsee,level,724.84,m ü. NN,2026-07-23T10:23:19+00:00
23.07.2026 12:15,hopfensee,level,783.82,m ü. NN,2026-07-23T10:23:19+00:00
23.07.2026 12:15,weissensee,level,787.28,m ü. NN,2026-07-23T10:23:19+00:00
23.07.2026 12:15,iller-kempten,temp,17.0,°C,2026-07-23T10:23:19+00:00
23.07.2026 12:15,iller-kempten,level,94.0,cm,2026-07-23T10:23:19+00:00
23.07.2026 12:15,iller-kempten,discharge,15.8,m³/s,2026-07-23T10:23:19+00:00
23.07.2026 12:15,iller-sonthofen,temp,13.8,°C,2026-07-23T10:23:19+00:00
23.07.2026 12:15,iller-sonthofen,level,56.0,cm,2026-07-23T10:23:19+00:00
23.07.2026 12:15,iller-sonthofen,discharge,6.63,m³/s,2026-07-23T10:23:19+00:00
23.07.2026 14:00,forggensee,level,780.66,m ü. NN,2026-07-23T12:09:57+00:00
23.07.2026 14:00,bodensee,temp,24.4,°C,2026-07-23T12:09:57+00:00
23.07.2026 14:00,bodensee,level,394.89,m ü. NN,2026-07-23T12:09:57+00:00
23.07.2026 14:00,rottachsee,temp,23.4,°C,2026-07-23T12:09:57+00:00
23.07.2026 14:00,rottachsee,level,849.12,m ü. NN,2026-07-23T12:09:57+00:00
23.07.2026 14:00,gruentensee,level,876.03,m ü. NN,2026-07-23T12:09:57+00:00
23.07.2026 14:00,grosser-alpsee,level,724.84,m ü. NN,2026-07-23T12:09:57+00:00
23.07.2026 14:00,hopfensee,level,783.82,m ü. NN,2026-07-23T12:09:57+00:00
23.07.2026 14:00,weissensee,level,787.28,m ü. NN,2026-07-23T12:09:57+00:00
23.07.2026 14:00,iller-kempten,temp,17.1,°C,2026-07-23T12:09:57+00:00
23.07.2026 14:00,iller-kempten,level,94.0,cm,2026-07-23T12:09:57+00:00
23.07.2026 14:00,iller-kempten,discharge,15.8,m³/s,2026-07-23T12:09:57+00:00
23.07.2026 14:00,iller-sonthofen,temp,14.7,°C,2026-07-23T12:09:57+00:00
23.07.2026 14:00,iller-sonthofen,level,55.0,cm,2026-07-23T12:09:57+00:00
23.07.2026 14:00,iller-sonthofen,discharge,6.3,m³/s,2026-07-23T12:09:57+00:00
23.07.2026 16:30,forggensee,level,780.65,m ü. NN,2026-07-23T14:41:17+00:00
23.07.2026 16:30,bodensee,temp,25.0,°C,2026-07-23T14:41:17+00:00
23.07.2026 16:30,bodensee,level,394.89,m ü. NN,2026-07-23T14:41:17+00:00
23.07.2026 16:30,rottachsee,temp,22.9,°C,2026-07-23T14:41:17+00:00
23.07.2026 16:30,rottachsee,level,849.11,m ü. NN,2026-07-23T14:41:17+00:00
23.07.2026 16:30,gruentensee,level,876.03,m ü. NN,2026-07-23T14:41:17+00:00
23.07.2026 16:30,grosser-alpsee,level,724.84,m ü. NN,2026-07-23T14:41:17+00:00
23.07.2026 16:30,hopfensee,level,783.82,m ü. NN,2026-07-23T14:41:17+00:00
23.07.2026 16:30,weissensee,level,787.28,m ü. NN,2026-07-23T14:41:17+00:00
23.07.2026 16:30,iller-kempten,temp,17.5,°C,2026-07-23T14:41:17+00:00
23.07.2026 16:30,iller-kempten,level,95.0,cm,2026-07-23T14:41:17+00:00
23.07.2026 16:30,iller-kempten,discharge,16.2,m³/s,2026-07-23T14:41:17+00:00
23.07.2026 16:30,iller-sonthofen,temp,16.6,°C,2026-07-23T14:41:17+00:00
23.07.2026 16:30,iller-sonthofen,level,55.0,cm,2026-07-23T14:41:17+00:00
23.07.2026 16:30,iller-sonthofen,discharge,6.3,m³/s,2026-07-23T14:41:17+00:00
23.07.2026 18:15,forggensee,level,780.65,m ü. NN,2026-07-23T16:26:24+00:00
23.07.2026 18:15,bodensee,temp,25.1,°C,2026-07-23T16:26:24+00:00
23.07.2026 18:15,bodensee,level,394.89,m ü. NN,2026-07-23T16:26:24+00:00
23.07.2026 18:15,rottachsee,temp,22.7,°C,2026-07-23T16:26:24+00:00
23.07.2026 18:15,rottachsee,level,849.1,m ü. NN,2026-07-23T16:26:24+00:00
23.07.2026 18:15,gruentensee,level,876.03,m ü. NN,2026-07-23T16:26:24+00:00
23.07.2026 18:15,grosser-alpsee,level,724.84,m ü. NN,2026-07-23T16:26:24+00:00
23.07.2026 18:00,hopfensee,level,783.82,m ü. NN,2026-07-23T16:26:24+00:00
23.07.2026 18:15,weissensee,level,787.28,m ü. NN,2026-07-23T16:26:24+00:00
23.07.2026 18:15,iller-kempten,temp,17.5,°C,2026-07-23T16:26:24+00:00
23.07.2026 18:15,iller-kempten,level,95.0,cm,2026-07-23T16:26:24+00:00
23.07.2026 18:15,iller-kempten,discharge,16.2,m³/s,2026-07-23T16:26:24+00:00
23.07.2026 18:15,iller-sonthofen,temp,17.0,°C,2026-07-23T16:26:24+00:00
23.07.2026 18:15,iller-sonthofen,level,54.0,cm,2026-07-23T16:26:24+00:00
23.07.2026 18:15,iller-sonthofen,discharge,5.98,m³/s,2026-07-23T16:26:24+00:00
23.07.2026 19:45,forggensee,level,780.65,m ü. NN,2026-07-23T17:56:02+00:00
23.07.2026 19:45,bodensee,temp,24.9,°C,2026-07-23T17:56:02+00:00
23.07.2026 19:45,bodensee,level,394.89,m ü. NN,2026-07-23T17:56:02+00:00
23.07.2026 19:45,rottachsee,temp,22.5,°C,2026-07-23T17:56:02+00:00
23.07.2026 19:45,rottachsee,level,849.1,m ü. NN,2026-07-23T17:56:02+00:00
23.07.2026 19:45,gruentensee,level,876.03,m ü. NN,2026-07-23T17:56:02+00:00
23.07.2026 19:45,grosser-alpsee,level,724.84,m ü. NN,2026-07-23T17:56:02+00:00
23.07.2026 19:45,hopfensee,level,783.82,m ü. NN,2026-07-23T17:56:02+00:00
23.07.2026 19:45,weissensee,level,787.28,m ü. NN,2026-07-23T17:56:02+00:00
23.07.2026 19:45,iller-kempten,temp,17.4,°C,2026-07-23T17:56:02+00:00
23.07.2026 19:45,iller-kempten,level,96.0,cm,2026-07-23T17:56:02+00:00
23.07.2026 19:45,iller-kempten,discharge,16.7,m³/s,2026-07-23T17:56:02+00:00
23.07.2026 19:45,iller-sonthofen,temp,16.6,°C,2026-07-23T17:56:02+00:00
23.07.2026 19:45,iller-sonthofen,level,54.0,cm,2026-07-23T17:56:02+00:00
23.07.2026 19:45,iller-sonthofen,discharge,5.98,m³/s,2026-07-23T17:56:02+00:00
23.07.2026 21:15,forggensee,level,780.65,m ü. NN,2026-07-23T19:22:29+00:00
23.07.2026 21:15,bodensee,temp,24.7,°C,2026-07-23T19:22:29+00:00
23.07.2026 21:15,bodensee,level,394.89,m ü. NN,2026-07-23T19:22:29+00:00
23.07.2026 21:15,rottachsee,temp,22.4,°C,2026-07-23T19:22:29+00:00
23.07.2026 21:15,rottachsee,level,849.1,m ü. NN,2026-07-23T19:22:29+00:00
23.07.2026 21:15,gruentensee,level,876.02,m ü. NN,2026-07-23T19:22:29+00:00
23.07.2026 21:15,grosser-alpsee,level,724.84,m ü. NN,2026-07-23T19:22:29+00:00
23.07.2026 21:15,hopfensee,level,783.82,m ü. NN,2026-07-23T19:22:29+00:00
23.07.2026 21:15,weissensee,level,787.28,m ü. NN,2026-07-23T19:22:29+00:00
23.07.2026 21:15,iller-kempten,temp,17.2,°C,2026-07-23T19:22:29+00:00
23.07.2026 21:15,iller-kempten,level,95.0,cm,2026-07-23T19:22:29+00:00
23.07.2026 21:15,iller-kempten,discharge,16.2,m³/s,2026-07-23T19:22:29+00:00
23.07.2026 21:15,iller-sonthofen,temp,16.1,°C,2026-07-23T19:22:29+00:00
23.07.2026 21:15,iller-sonthofen,level,54.0,cm,2026-07-23T19:22:29+00:00
23.07.2026 21:15,iller-sonthofen,discharge,5.98,m³/s,2026-07-23T19:22:29+00:00
23.07.2026 22:30,forggensee,level,780.65,m ü. NN,2026-07-23T20:35:44+00:00
23.07.2026 22:30,bodensee,temp,24.5,°C,2026-07-23T20:35:44+00:00
23.07.2026 22:30,bodensee,level,394.89,m ü. NN,2026-07-23T20:35:44+00:00
23.07.2026 22:30,rottachsee,temp,22.6,°C,2026-07-23T20:35:44+00:00
23.07.2026 22:30,rottachsee,level,849.09,m ü. NN,2026-07-23T20:35:44+00:00
23.07.2026 22:30,gruentensee,level,876.02,m ü. NN,2026-07-23T20:35:44+00:00
23.07.2026 22:30,grosser-alpsee,level,724.84,m ü. NN,2026-07-23T20:35:44+00:00
23.07.2026 22:30,hopfensee,level,783.82,m ü. NN,2026-07-23T20:35:44+00:00
23.07.2026 22:30,weissensee,level,787.28,m ü. NN,2026-07-23T20:35:44+00:00
23.07.2026 22:30,iller-kempten,temp,17.1,°C,2026-07-23T20:35:44+00:00
23.07.2026 22:30,iller-kempten,level,92.0,cm,2026-07-23T20:35:44+00:00
23.07.2026 22:30,iller-kempten,discharge,14.8,m³/s,2026-07-23T20:35:44+00:00
23.07.2026 22:30,iller-sonthofen,temp,15.5,°C,2026-07-23T20:35:44+00:00
23.07.2026 22:30,iller-sonthofen,level,54.0,cm,2026-07-23T20:35:44+00:00
23.07.2026 22:30,iller-sonthofen,discharge,5.98,m³/s,2026-07-23T20:35:44+00:00
24.07.2026 00:00,forggensee,level,780.65,m ü. NN,2026-07-23T22:03:47+00:00
24.07.2026 00:00,bodensee,temp,24.3,°C,2026-07-23T22:03:47+00:00
24.07.2026 00:00,bodensee,level,394.89,m ü. NN,2026-07-23T22:03:47+00:00
24.07.2026 00:00,rottachsee,temp,22.7,°C,2026-07-23T22:03:47+00:00
24.07.2026 00:00,rottachsee,level,849.09,m ü. NN,2026-07-23T22:03:47+00:00
24.07.2026 00:00,gruentensee,level,876.02,m ü. NN,2026-07-23T22:03:47+00:00
24.07.2026 00:00,grosser-alpsee,level,724.83,m ü. NN,2026-07-23T22:03:47+00:00
24.07.2026 00:00,hopfensee,level,783.82,m ü. NN,2026-07-23T22:03:47+00:00
24.07.2026 00:00,weissensee,level,787.28,m ü. NN,2026-07-23T22:03:47+00:00
24.07.2026 00:00,iller-kempten,temp,17.2,°C,2026-07-23T22:03:47+00:00
24.07.2026 00:00,iller-kempten,level,92.0,cm,2026-07-23T22:03:47+00:00
24.07.2026 00:00,iller-kempten,discharge,14.8,m³/s,2026-07-23T22:03:47+00:00
24.07.2026 00:00,iller-sonthofen,temp,14.8,°C,2026-07-23T22:03:47+00:00
24.07.2026 00:00,iller-sonthofen,level,54.0,cm,2026-07-23T22:03:47+00:00
24.07.2026 00:00,iller-sonthofen,discharge,5.98,m³/s,2026-07-23T22:03:47+00:00
24.07.2026 01:15,forggensee,level,780.66,m ü. NN,2026-07-23T23:28:21+00:00
24.07.2026 01:15,bodensee,temp,24.2,°C,2026-07-23T23:28:21+00:00
24.07.2026 01:15,bodensee,level,394.89,m ü. NN,2026-07-23T23:28:21+00:00
24.07.2026 01:15,rottachsee,temp,22.7,°C,2026-07-23T23:28:21+00:00
24.07.2026 01:15,rottachsee,level,849.08,m ü. NN,2026-07-23T23:28:21+00:00
24.07.2026 01:15,gruentensee,level,876.02,m ü. NN,2026-07-23T23:28:21+00:00
24.07.2026 01:15,grosser-alpsee,level,724.84,m ü. NN,2026-07-23T23:28:21+00:00
24.07.2026 01:15,hopfensee,level,783.82,m ü. NN,2026-07-23T23:28:21+00:00
24.07.2026 01:15,weissensee,level,787.28,m ü. NN,2026-07-23T23:28:21+00:00
24.07.2026 01:15,iller-kempten,temp,17.2,°C,2026-07-23T23:28:21+00:00
24.07.2026 01:15,iller-kempten,level,92.0,cm,2026-07-23T23:28:21+00:00
24.07.2026 01:15,iller-kempten,discharge,14.8,m³/s,2026-07-23T23:28:21+00:00
24.07.2026 01:15,iller-sonthofen,temp,14.3,°C,2026-07-23T23:28:21+00:00
24.07.2026 01:15,iller-sonthofen,level,54.0,cm,2026-07-23T23:28:21+00:00
24.07.2026 01:15,iller-sonthofen,discharge,5.98,m³/s,2026-07-23T23:28:21+00:00
24.07.2026 02:45,forggensee,level,780.66,m ü. NN,2026-07-24T00:59:29+00:00
24.07.2026 02:45,bodensee,temp,24.0,°C,2026-07-24T00:59:29+00:00
24.07.2026 02:45,bodensee,level,394.88,m ü. NN,2026-07-24T00:59:29+00:00
24.07.2026 02:45,rottachsee,temp,22.7,°C,2026-07-24T00:59:29+00:00
24.07.2026 02:45,rottachsee,level,849.08,m ü. NN,2026-07-24T00:59:29+00:00
24.07.2026 02:45,gruentensee,level,876.02,m ü. NN,2026-07-24T00:59:29+00:00
24.07.2026 02:45,grosser-alpsee,level,724.83,m ü. NN,2026-07-24T00:59:29+00:00
24.07.2026 02:45,hopfensee,level,783.82,m ü. NN,2026-07-24T00:59:29+00:00
24.07.2026 02:45,weissensee,level,787.28,m ü. NN,2026-07-24T00:59:29+00:00
24.07.2026 02:45,iller-kempten,temp,17.2,°C,2026-07-24T00:59:29+00:00
24.07.2026 02:45,iller-kempten,level,91.0,cm,2026-07-24T00:59:29+00:00
24.07.2026 02:45,iller-kempten,discharge,14.3,m³/s,2026-07-24T00:59:29+00:00
24.07.2026 02:45,iller-sonthofen,temp,13.6,°C,2026-07-24T00:59:29+00:00
24.07.2026 02:45,iller-sonthofen,level,53.0,cm,2026-07-24T00:59:29+00:00
24.07.2026 02:45,iller-sonthofen,discharge,5.67,m³/s,2026-07-24T00:59:29+00:00
24.07.2026 06:15,forggensee,level,780.65,m ü. NN,2026-07-24T04:22:54+00:00
24.07.2026 06:15,bodensee,temp,23.6,°C,2026-07-24T04:22:54+00:00
24.07.2026 06:15,bodensee,level,394.87,m ü. NN,2026-07-24T04:22:54+00:00
24.07.2026 06:15,rottachsee,temp,22.4,°C,2026-07-24T04:22:54+00:00
24.07.2026 06:15,rottachsee,level,849.07,m ü. NN,2026-07-24T04:22:54+00:00
24.07.2026 06:15,gruentensee,level,876.02,m ü. NN,2026-07-24T04:22:54+00:00
24.07.2026 06:15,grosser-alpsee,level,724.83,m ü. NN,2026-07-24T04:22:54+00:00
24.07.2026 05:00,bannwaldsee,level,785.84,m ü. NN,2026-07-24T04:22:54+00:00
24.07.2026 06:00,hopfensee,level,783.82,m ü. NN,2026-07-24T04:22:54+00:00
24.07.2026 06:15,weissensee,level,787.28,m ü. NN,2026-07-24T04:22:54+00:00
24.07.2026 05:00,niedersonthofener-see,level,704.01,m ü. NN,2026-07-24T04:22:54+00:00
24.07.2026 06:15,iller-kempten,temp,16.8,°C,2026-07-24T04:22:54+00:00
24.07.2026 06:15,iller-kempten,level,90.0,cm,2026-07-24T04:22:54+00:00
24.07.2026 06:15,iller-kempten,discharge,13.9,m³/s,2026-07-24T04:22:54+00:00
24.07.2026 06:15,iller-sonthofen,temp,11.9,°C,2026-07-24T04:22:54+00:00
24.07.2026 06:15,iller-sonthofen,level,53.0,cm,2026-07-24T04:22:54+00:00
24.07.2026 06:15,iller-sonthofen,discharge,5.67,m³/s,2026-07-24T04:22:54+00:00
24.07.2026 09:00,forggensee,level,780.65,m ü. NN,2026-07-24T07:07:25+00:00
24.07.2026 09:00,bodensee,temp,23.4,°C,2026-07-24T07:07:25+00:00
24.07.2026 09:00,bodensee,level,394.88,m ü. NN,2026-07-24T07:07:25+00:00
24.07.2026 09:00,rottachsee,temp,22.4,°C,2026-07-24T07:07:25+00:00
24.07.2026 09:00,rottachsee,level,849.06,m ü. NN,2026-07-24T07:07:25+00:00
24.07.2026 09:00,gruentensee,level,876.02,m ü. NN,2026-07-24T07:07:25+00:00
24.07.2026 09:00,grosser-alpsee,level,724.83,m ü. NN,2026-07-24T07:07:25+00:00
24.07.2026 09:00,hopfensee,level,783.82,m ü. NN,2026-07-24T07:07:25+00:00
24.07.2026 09:00,weissensee,level,787.28,m ü. NN,2026-07-24T07:07:25+00:00
24.07.2026 09:00,iller-kempten,temp,16.6,°C,2026-07-24T07:07:25+00:00
24.07.2026 09:00,iller-kempten,level,92.0,cm,2026-07-24T07:07:25+00:00
24.07.2026 09:00,iller-kempten,discharge,14.8,m³/s,2026-07-24T07:07:25+00:00
24.07.2026 09:00,iller-sonthofen,temp,11.3,°C,2026-07-24T07:07:25+00:00
24.07.2026 09:00,iller-sonthofen,level,54.0,cm,2026-07-24T07:07:25+00:00
24.07.2026 09:00,iller-sonthofen,discharge,5.98,m³/s,2026-07-24T07:07:25+00:00
24.07.2026 11:45,forggensee,level,780.64,m ü. NN,2026-07-24T09:55:03+00:00
24.07.2026 11:45,bodensee,temp,23.8,°C,2026-07-24T09:55:03+00:00
24.07.2026 11:45,bodensee,level,394.87,m ü. NN,2026-07-24T09:55:03+00:00
24.07.2026 11:45,rottachsee,temp,22.7,°C,2026-07-24T09:55:03+00:00
24.07.2026 11:45,rottachsee,level,849.05,m ü. NN,2026-07-24T09:55:03+00:00
24.07.2026 11:45,gruentensee,level,876.02,m ü. NN,2026-07-24T09:55:03+00:00
24.07.2026 11:45,grosser-alpsee,level,724.83,m ü. NN,2026-07-24T09:55:03+00:00
24.07.2026 11:45,hopfensee,level,783.82,m ü. NN,2026-07-24T09:55:03+00:00
24.07.2026 11:45,weissensee,level,787.28,m ü. NN,2026-07-24T09:55:03+00:00
24.07.2026 11:45,iller-kempten,temp,16.9,°C,2026-07-24T09:55:03+00:00
24.07.2026 11:45,iller-kempten,level,91.0,cm,2026-07-24T09:55:03+00:00
24.07.2026 11:45,iller-kempten,discharge,14.3,m³/s,2026-07-24T09:55:03+00:00
24.07.2026 11:45,iller-sonthofen,temp,12.9,°C,2026-07-24T09:55:03+00:00
24.07.2026 11:45,iller-sonthofen,level,55.0,cm,2026-07-24T09:55:03+00:00
24.07.2026 11:45,iller-sonthofen,discharge,6.3,m³/s,2026-07-24T09:55:03+00:00
24.07.2026 13:30,forggensee,level,780.65,m ü. NN,2026-07-24T11:42:29+00:00
24.07.2026 13:30,bodensee,temp,24.3,°C,2026-07-24T11:42:29+00:00
24.07.2026 13:30,bodensee,level,394.87,m ü. NN,2026-07-24T11:42:29+00:00
24.07.2026 13:30,rottachsee,temp,22.8,°C,2026-07-24T11:42:29+00:00
24.07.2026 13:30,rottachsee,level,849.05,m ü. NN,2026-07-24T11:42:29+00:00
24.07.2026 13:30,gruentensee,level,876.02,m ü. NN,2026-07-24T11:42:29+00:00
24.07.2026 13:30,grosser-alpsee,level,724.83,m ü. NN,2026-07-24T11:42:29+00:00
24.07.2026 13:30,hopfensee,level,783.82,m ü. NN,2026-07-24T11:42:29+00:00
24.07.2026 13:30,weissensee,level,787.28,m ü. NN,2026-07-24T11:42:29+00:00
24.07.2026 13:30,iller-kempten,temp,17.1,°C,2026-07-24T11:42:29+00:00
24.07.2026 13:30,iller-kempten,level,91.0,cm,2026-07-24T11:42:29+00:00
24.07.2026 13:30,iller-kempten,discharge,14.3,m³/s,2026-07-24T11:42:29+00:00
24.07.2026 13:30,iller-sonthofen,temp,14.5,°C,2026-07-24T11:42:29+00:00
24.07.2026 13:30,iller-sonthofen,level,54.0,cm,2026-07-24T11:42:29+00:00
24.07.2026 13:30,iller-sonthofen,discharge,5.98,m³/s,2026-07-24T11:42:29+00:00
24.07.2026 15:30,forggensee,level,780.67,m ü. NN,2026-07-24T13:46:04+00:00
24.07.2026 15:30,bodensee,temp,24.7,°C,2026-07-24T13:46:04+00:00
24.07.2026 15:30,bodensee,level,394.87,m ü. NN,2026-07-24T13:46:04+00:00
24.07.2026 15:30,rottachsee,temp,22.9,°C,2026-07-24T13:46:04+00:00
24.07.2026 15:30,rottachsee,level,849.04,m ü. NN,2026-07-24T13:46:04+00:00
24.07.2026 15:30,gruentensee,level,876.02,m ü. NN,2026-07-24T13:46:04+00:00
24.07.2026 15:30,grosser-alpsee,level,724.83,m ü. NN,2026-07-24T13:46:04+00:00
24.07.2026 15:30,hopfensee,level,783.82,m ü. NN,2026-07-24T13:46:04+00:00
24.07.2026 15:30,weissensee,level,787.28,m ü. NN,2026-07-24T13:46:04+00:00
24.07.2026 15:30,iller-kempten,temp,17.4,°C,2026-07-24T13:46:04+00:00
24.07.2026 15:30,iller-kempten,level,93.0,cm,2026-07-24T13:46:04+00:00
24.07.2026 15:30,iller-kempten,discharge,15.3,m³/s,2026-07-24T13:46:04+00:00
24.07.2026 15:30,iller-sonthofen,temp,16.2,°C,2026-07-24T13:46:04+00:00
24.07.2026 15:30,iller-sonthofen,level,53.0,cm,2026-07-24T13:46:04+00:00
24.07.2026 15:30,iller-sonthofen,discharge,5.67,m³/s,2026-07-24T13:46:04+00:00
24.07.2026 17:15,forggensee,level,780.67,m ü. NN,2026-07-24T15:25:51+00:00
24.07.2026 17:15,bodensee,temp,24.9,°C,2026-07-24T15:25:51+00:00
24.07.2026 17:15,bodensee,level,394.87,m ü. NN,2026-07-24T15:25:51+00:00
24.07.2026 17:15,rottachsee,temp,23.5,°C,2026-07-24T15:25:51+00:00
24.07.2026 17:15,rottachsee,level,849.04,m ü. NN,2026-07-24T15:25:51+00:00
24.07.2026 17:15,gruentensee,level,876.02,m ü. NN,2026-07-24T15:25:51+00:00
24.07.2026 17:15,grosser-alpsee,level,724.83,m ü. NN,2026-07-24T15:25:51+00:00
24.07.2026 17:00,hopfensee,level,783.82,m ü. NN,2026-07-24T15:25:51+00:00
24.07.2026 17:15,weissensee,level,787.28,m ü. NN,2026-07-24T15:25:51+00:00
24.07.2026 17:15,iller-kempten,temp,17.8,°C,2026-07-24T15:25:51+00:00
24.07.2026 17:15,iller-kempten,level,92.0,cm,2026-07-24T15:25:51+00:00
24.07.2026 17:15,iller-kempten,discharge,14.8,m³/s,2026-07-24T15:25:51+00:00
24.07.2026 17:15,iller-sonthofen,temp,17.2,°C,2026-07-24T15:25:51+00:00
24.07.2026 17:15,iller-sonthofen,level,53.0,cm,2026-07-24T15:25:51+00:00
24.07.2026 17:15,iller-sonthofen,discharge,5.67,m³/s,2026-07-24T15:25:51+00:00
24.07.2026 19:00,forggensee,level,780.66,m ü. NN,2026-07-24T17:05:58+00:00
24.07.2026 19:00,bodensee,temp,24.8,°C,2026-07-24T17:05:58+00:00
24.07.2026 19:00,bodensee,level,394.87,m ü. NN,2026-07-24T17:05:58+00:00
24.07.2026 19:00,rottachsee,temp,24.3,°C,2026-07-24T17:05:58+00:00
24.07.2026 19:00,rottachsee,level,849.03,m ü. NN,2026-07-24T17:05:58+00:00
24.07.2026 19:00,gruentensee,level,876.02,m ü. NN,2026-07-24T17:05:58+00:00
24.07.2026 19:00,grosser-alpsee,level,724.83,m ü. NN,2026-07-24T17:05:58+00:00
24.07.2026 19:00,hopfensee,level,783.82,m ü. NN,2026-07-24T17:05:58+00:00
24.07.2026 19:00,weissensee,level,787.28,m ü. NN,2026-07-24T17:05:58+00:00
24.07.2026 19:00,iller-kempten,temp,17.8,°C,2026-07-24T17:05:58+00:00
24.07.2026 19:00,iller-kempten,level,90.0,cm,2026-07-24T17:05:58+00:00
24.07.2026 19:00,iller-kempten,discharge,13.9,m³/s,2026-07-24T17:05:58+00:00
24.07.2026 19:00,iller-sonthofen,temp,17.3,°C,2026-07-24T17:05:58+00:00
24.07.2026 19:00,iller-sonthofen,level,52.0,cm,2026-07-24T17:05:58+00:00
24.07.2026 19:00,iller-sonthofen,discharge,5.38,m³/s,2026-07-24T17:05:58+00:00
24.07.2026 20:45,forggensee,level,780.65,m ü. NN,2026-07-24T18:58:00+00:00
24.07.2026 20:45,bodensee,temp,24.6,°C,2026-07-24T18:58:00+00:00
24.07.2026 20:45,bodensee,level,394.87,m ü. NN,2026-07-24T18:58:00+00:00
24.07.2026 20:45,rottachsee,temp,24.4,°C,2026-07-24T18:58:00+00:00
24.07.2026 20:45,rottachsee,level,849.03,m ü. NN,2026-07-24T18:58:00+00:00
24.07.2026 20:45,gruentensee,level,876.02,m ü. NN,2026-07-24T18:58:00+00:00
24.07.2026 20:45,grosser-alpsee,level,724.82,m ü. NN,2026-07-24T18:58:00+00:00
24.07.2026 20:45,hopfensee,level,783.82,m ü. NN,2026-07-24T18:58:00+00:00
24.07.2026 20:45,weissensee,level,787.28,m ü. NN,2026-07-24T18:58:00+00:00
24.07.2026 20:45,iller-kempten,temp,17.6,°C,2026-07-24T18:58:00+00:00
24.07.2026 20:45,iller-kempten,level,89.0,cm,2026-07-24T18:58:00+00:00
24.07.2026 20:45,iller-kempten,discharge,13.5,m³/s,2026-07-24T18:58:00+00:00
24.07.2026 20:45,iller-sonthofen,temp,16.6,°C,2026-07-24T18:58:00+00:00
24.07.2026 20:45,iller-sonthofen,level,52.0,cm,2026-07-24T18:58:00+00:00
24.07.2026 20:45,iller-sonthofen,discharge,5.38,m³/s,2026-07-24T18:58:00+00:00
24.07.2026 22:15,forggensee,level,780.65,m ü. NN,2026-07-24T20:26:04+00:00
24.07.2026 22:15,bodensee,temp,24.5,°C,2026-07-24T20:26:04+00:00
24.07.2026 22:15,bodensee,level,394.87,m ü. NN,2026-07-24T20:26:04+00:00
24.07.2026 22:15,rottachsee,temp,24.2,°C,2026-07-24T20:26:04+00:00
24.07.2026 22:15,rottachsee,level,849.02,m ü. NN,2026-07-24T20:26:04+00:00
24.07.2026 22:15,gruentensee,level,876.02,m ü. NN,2026-07-24T20:26:04+00:00
24.07.2026 22:15,grosser-alpsee,level,724.83,m ü. NN,2026-07-24T20:26:04+00:00
24.07.2026 22:15,hopfensee,level,783.81,m ü. NN,2026-07-24T20:26:04+00:00
24.07.2026 22:15,weissensee,level,787.28,m ü. NN,2026-07-24T20:26:04+00:00
24.07.2026 22:15,iller-kempten,temp,17.4,°C,2026-07-24T20:26:04+00:00
24.07.2026 22:15,iller-kempten,level,86.0,cm,2026-07-24T20:26:04+00:00
24.07.2026 22:15,iller-kempten,discharge,12.2,m³/s,2026-07-24T20:26:04+00:00
24.07.2026 22:15,iller-sonthofen,temp,15.9,°C,2026-07-24T20:26:04+00:00
24.07.2026 22:15,iller-sonthofen,level,52.0,cm,2026-07-24T20:26:04+00:00
24.07.2026 22:15,iller-sonthofen,discharge,5.38,m³/s,2026-07-24T20:26:04+00:00
24.07.2026 23:30,forggensee,level,780.64,m ü. NN,2026-07-24T21:37:52+00:00
24.07.2026 23:30,bodensee,temp,24.4,°C,2026-07-24T21:37:52+00:00
24.07.2026 23:30,bodensee,level,394.86,m ü. NN,2026-07-24T21:37:52+00:00
24.07.2026 23:30,rottachsee,temp,24.1,°C,2026-07-24T21:37:52+00:00
24.07.2026 23:30,rottachsee,level,849.02,m ü. NN,2026-07-24T21:37:52+00:00
24.07.2026 23:30,gruentensee,level,876.02,m ü. NN,2026-07-24T21:37:52+00:00
24.07.2026 23:30,grosser-alpsee,level,724.82,m ü. NN,2026-07-24T21:37:52+00:00
24.07.2026 23:15,hopfensee,level,783.81,m ü. NN,2026-07-24T21:37:52+00:00
24.07.2026 23:30,weissensee,level,787.28,m ü. NN,2026-07-24T21:37:52+00:00
24.07.2026 23:30,iller-kempten,temp,17.4,°C,2026-07-24T21:37:52+00:00
24.07.2026 23:30,iller-kempten,level,89.0,cm,2026-07-24T21:37:52+00:00
24.07.2026 23:30,iller-kempten,discharge,13.5,m³/s,2026-07-24T21:37:52+00:00
24.07.2026 23:30,iller-sonthofen,temp,15.4,°C,2026-07-24T21:37:52+00:00
24.07.2026 23:30,iller-sonthofen,level,52.0,cm,2026-07-24T21:37:52+00:00
24.07.2026 23:30,iller-sonthofen,discharge,5.38,m³/s,2026-07-24T21:37:52+00:00
25.07.2026 00:45,forggensee,level,780.64,m ü. NN,2026-07-24T23:01:47+00:00
25.07.2026 00:45,bodensee,temp,24.2,°C,2026-07-24T23:01:47+00:00
25.07.2026 00:45,bodensee,level,394.86,m ü. NN,2026-07-24T23:01:47+00:00
25.07.2026 00:45,rottachsee,temp,24.0,°C,2026-07-24T23:01:47+00:00
25.07.2026 00:45,rottachsee,level,849.01,m ü. NN,2026-07-24T23:01:47+00:00
25.07.2026 00:45,gruentensee,level,876.02,m ü. NN,2026-07-24T23:01:47+00:00
25.07.2026 00:45,grosser-alpsee,level,724.82,m ü. NN,2026-07-24T23:01:47+00:00
25.07.2026 00:45,hopfensee,level,783.81,m ü. NN,2026-07-24T23:01:47+00:00
25.07.2026 00:45,weissensee,level,787.27,m ü. NN,2026-07-24T23:01:47+00:00
25.07.2026 00:45,iller-kempten,temp,17.3,°C,2026-07-24T23:01:47+00:00
25.07.2026 00:45,iller-kempten,level,91.0,cm,2026-07-24T23:01:47+00:00
25.07.2026 00:45,iller-kempten,discharge,14.3,m³/s,2026-07-24T23:01:47+00:00
25.07.2026 00:45,iller-sonthofen,temp,14.8,°C,2026-07-24T23:01:47+00:00
25.07.2026 00:45,iller-sonthofen,level,52.0,cm,2026-07-24T23:01:47+00:00
25.07.2026 00:45,iller-sonthofen,discharge,5.38,m³/s,2026-07-24T23:01:47+00:00
25.07.2026 02:45,forggensee,level,780.64,m ü. NN,2026-07-25T01:01:28+00:00
25.07.2026 02:45,bodensee,temp,24.0,°C,2026-07-25T01:01:28+00:00
25.07.2026 02:45,bodensee,level,394.86,m ü. NN,2026-07-25T01:01:28+00:00
25.07.2026 02:45,rottachsee,temp,23.8,°C,2026-07-25T01:01:28+00:00
25.07.2026 02:45,rottachsee,level,849.01,m ü. NN,2026-07-25T01:01:28+00:00
25.07.2026 02:45,gruentensee,level,876.02,m ü. NN,2026-07-25T01:01:28+00:00
25.07.2026 02:45,grosser-alpsee,level,724.82,m ü. NN,2026-07-25T01:01:28+00:00
25.07.2026 02:30,hopfensee,level,783.81,m ü. NN,2026-07-25T01:01:28+00:00
25.07.2026 02:45,weissensee,level,787.27,m ü. NN,2026-07-25T01:01:28+00:00
25.07.2026 02:45,iller-kempten,temp,17.3,°C,2026-07-25T01:01:28+00:00
25.07.2026 02:45,iller-kempten,level,89.0,cm,2026-07-25T01:01:28+00:00
25.07.2026 02:45,iller-kempten,discharge,13.5,m³/s,2026-07-25T01:01:28+00:00
25.07.2026 02:45,iller-sonthofen,temp,13.9,°C,2026-07-25T01:01:28+00:00
25.07.2026 02:45,iller-sonthofen,level,52.0,cm,2026-07-25T01:01:28+00:00
25.07.2026 02:45,iller-sonthofen,discharge,5.38,m³/s,2026-07-25T01:01:28+00:00
25.07.2026 06:30,forggensee,level,780.63,m ü. NN,2026-07-25T04:43:32+00:00
25.07.2026 06:30,bodensee,temp,23.7,°C,2026-07-25T04:43:32+00:00
25.07.2026 06:30,bodensee,level,394.86,m ü. NN,2026-07-25T04:43:32+00:00
25.07.2026 06:30,rottachsee,temp,23.2,°C,2026-07-25T04:43:32+00:00
25.07.2026 06:30,rottachsee,level,849.0,m ü. NN,2026-07-25T04:43:32+00:00
25.07.2026 06:30,gruentensee,level,876.01,m ü. NN,2026-07-25T04:43:32+00:00
25.07.2026 06:30,grosser-alpsee,level,724.82,m ü. NN,2026-07-25T04:43:32+00:00
25.07.2026 05:00,bannwaldsee,level,785.84,m ü. NN,2026-07-25T04:43:32+00:00
25.07.2026 06:30,hopfensee,level,783.81,m ü. NN,2026-07-25T04:43:32+00:00
25.07.2026 06:30,weissensee,level,787.27,m ü. NN,2026-07-25T04:43:32+00:00
25.07.2026 05:00,niedersonthofener-see,level,704.01,m ü. NN,2026-07-25T04:43:32+00:00
25.07.2026 06:30,iller-kempten,temp,17.0,°C,2026-07-25T04:43:32+00:00
25.07.2026 06:30,iller-kempten,level,93.0,cm,2026-07-25T04:43:32+00:00
25.07.2026 06:30,iller-kempten,discharge,15.3,m³/s,2026-07-25T04:43:32+00:00
25.07.2026 06:30,iller-sonthofen,temp,12.2,°C,2026-07-25T04:43:32+00:00
25.07.2026 06:30,iller-sonthofen,level,52.0,cm,2026-07-25T04:43:32+00:00
25.07.2026 06:30,iller-sonthofen,discharge,5.38,m³/s,2026-07-25T04:43:32+00:00
25.07.2026 09:00,forggensee,level,780.62,m ü. NN,2026-07-25T07:17:21+00:00
25.07.2026 09:00,bodensee,temp,23.6,°C,2026-07-25T07:17:21+00:00
25.07.2026 09:00,bodensee,level,394.86,m ü. NN,2026-07-25T07:17:21+00:00
25.07.2026 09:00,rottachsee,temp,23.3,°C,2026-07-25T07:17:21+00:00
25.07.2026 09:00,rottachsee,level,848.99,m ü. NN,2026-07-25T07:17:21+00:00
25.07.2026 09:00,gruentensee,level,876.01,m ü. NN,2026-07-25T07:17:21+00:00
25.07.2026 09:00,grosser-alpsee,level,724.82,m ü. NN,2026-07-25T07:17:21+00:00
25.07.2026 08:45,hopfensee,level,783.81,m ü. NN,2026-07-25T07:17:21+00:00
25.07.2026 09:00,weissensee,level,787.27,m ü. NN,2026-07-25T07:17:21+00:00
25.07.2026 09:00,iller-kempten,temp,16.9,°C,2026-07-25T07:17:21+00:00
25.07.2026 09:00,iller-kempten,level,89.0,cm,2026-07-25T07:17:21+00:00
25.07.2026 09:00,iller-kempten,discharge,13.5,m³/s,2026-07-25T07:17:21+00:00
25.07.2026 09:00,iller-sonthofen,temp,11.9,°C,2026-07-25T07:17:21+00:00
25.07.2026 09:00,iller-sonthofen,level,53.0,cm,2026-07-25T07:17:21+00:00
25.07.2026 09:00,iller-sonthofen,discharge,5.67,m³/s,2026-07-25T07:17:21+00:00
25.07.2026 11:00,forggensee,level,780.62,m ü. NN,2026-07-25T09:17:47+00:00
25.07.2026 11:00,bodensee,temp,23.7,°C,2026-07-25T09:17:47+00:00
25.07.2026 11:00,bodensee,level,394.85,m ü. NN,2026-07-25T09:17:47+00:00
25.07.2026 11:00,rottachsee,temp,23.5,°C,2026-07-25T09:17:47+00:00
25.07.2026 11:00,rottachsee,level,848.98,m ü. NN,2026-07-25T09:17:47+00:00
25.07.2026 11:15,gruentensee,level,876.01,m ü. NN,2026-07-25T09:17:47+00:00
25.07.2026 11:00,grosser-alpsee,level,724.82,m ü. NN,2026-07-25T09:17:47+00:00
25.07.2026 11:00,hopfensee,level,783.81,m ü. NN,2026-07-25T09:17:47+00:00
25.07.2026 11:00,weissensee,level,787.27,m ü. NN,2026-07-25T09:17:47+00:00
25.07.2026 11:00,iller-kempten,temp,17.2,°C,2026-07-25T09:17:47+00:00
25.07.2026 11:00,iller-kempten,level,90.0,cm,2026-07-25T09:17:47+00:00
25.07.2026 11:00,iller-kempten,discharge,13.9,m³/s,2026-07-25T09:17:47+00:00
25.07.2026 11:00,iller-sonthofen,temp,13.0,°C,2026-07-25T09:17:47+00:00
25.07.2026 11:00,iller-sonthofen,level,53.0,cm,2026-07-25T09:17:47+00:00
25.07.2026 11:00,iller-sonthofen,discharge,5.67,m³/s,2026-07-25T09:17:47+00:00
25.07.2026 12:45,forggensee,level,780.63,m ü. NN,2026-07-25T10:52:06+00:00
25.07.2026 12:45,bodensee,temp,24.2,°C,2026-07-25T10:52:06+00:00
25.07.2026 12:45,bodensee,level,394.85,m ü. NN,2026-07-25T10:52:06+00:00
25.07.2026 12:45,rottachsee,temp,23.3,°C,2026-07-25T10:52:06+00:00
25.07.2026 12:45,rottachsee,level,848.98,m ü. NN,2026-07-25T10:52:06+00:00
25.07.2026 12:45,gruentensee,level,876.01,m ü. NN,2026-07-25T10:52:06+00:00
25.07.2026 12:45,grosser-alpsee,level,724.82,m ü. NN,2026-07-25T10:52:06+00:00
25.07.2026 12:45,hopfensee,level,783.81,m ü. NN,2026-07-25T10:52:06+00:00
25.07.2026 12:45,weissensee,level,787.27,m ü. NN,2026-07-25T10:52:06+00:00
25.07.2026 12:45,iller-kempten,temp,17.4,°C,2026-07-25T10:52:06+00:00
25.07.2026 12:45,iller-kempten,level,89.0,cm,2026-07-25T10:52:06+00:00
25.07.2026 12:45,iller-kempten,discharge,13.5,m³/s,2026-07-25T10:52:06+00:00
25.07.2026 12:45,iller-sonthofen,temp,14.6,°C,2026-07-25T10:52:06+00:00
25.07.2026 12:45,iller-sonthofen,level,52.0,cm,2026-07-25T10:52:06+00:00
25.07.2026 12:45,iller-sonthofen,discharge,5.38,m³/s,2026-07-25T10:52:06+00:00
25.07.2026 14:00,forggensee,level,780.63,m ü. NN,2026-07-25T12:02:44+00:00
25.07.2026 13:45,bodensee,temp,24.5,°C,2026-07-25T12:02:44+00:00
25.07.2026 13:45,bodensee,level,394.85,m ü. NN,2026-07-25T12:02:44+00:00
25.07.2026 13:45,rottachsee,temp,23.5,°C,2026-07-25T12:02:44+00:00
25.07.2026 13:45,rottachsee,level,848.97,m ü. NN,2026-07-25T12:02:44+00:00
25.07.2026 13:45,gruentensee,level,876.01,m ü. NN,2026-07-25T12:02:44+00:00
25.07.2026 13:45,grosser-alpsee,level,724.82,m ü. NN,2026-07-25T12:02:44+00:00
25.07.2026 13:45,hopfensee,level,783.81,m ü. NN,2026-07-25T12:02:44+00:00
25.07.2026 13:45,weissensee,level,787.27,m ü. NN,2026-07-25T12:02:44+00:00
25.07.2026 13:45,iller-kempten,temp,17.6,°C,2026-07-25T12:02:44+00:00
25.07.2026 13:45,iller-kempten,level,92.0,cm,2026-07-25T12:02:44+00:00
25.07.2026 13:45,iller-kempten,discharge,14.8,m³/s,2026-07-25T12:02:44+00:00
25.07.2026 13:45,iller-sonthofen,temp,15.2,°C,2026-07-25T12:02:44+00:00
25.07.2026 13:45,iller-sonthofen,level,52.0,cm,2026-07-25T12:02:44+00:00
25.07.2026 13:45,iller-sonthofen,discharge,5.38,m³/s,2026-07-25T12:02:44+00:00
25.07.2026 16:00,forggensee,level,780.64,m ü. NN,2026-07-25T14:09:57+00:00
25.07.2026 16:00,bodensee,temp,24.6,°C,2026-07-25T14:09:57+00:00
25.07.2026 16:00,bodensee,level,394.85,m ü. NN,2026-07-25T14:09:57+00:00
25.07.2026 16:00,rottachsee,temp,23.1,°C,2026-07-25T14:09:57+00:00
25.07.2026 16:00,rottachsee,level,848.97,m ü. NN,2026-07-25T14:09:57+00:00
25.07.2026 16:00,gruentensee,level,876.01,m ü. NN,2026-07-25T14:09:57+00:00
25.07.2026 16:00,grosser-alpsee,level,724.82,m ü. NN,2026-07-25T14:09:57+00:00
25.07.2026 16:00,hopfensee,level,783.81,m ü. NN,2026-07-25T14:09:57+00:00
25.07.2026 16:00,weissensee,level,787.27,m ü. NN,2026-07-25T14:09:57+00:00
25.07.2026 16:00,iller-kempten,temp,18.0,°C,2026-07-25T14:09:57+00:00
25.07.2026 16:00,iller-kempten,level,90.0,cm,2026-07-25T14:09:57+00:00
25.07.2026 16:00,iller-kempten,discharge,13.9,m³/s,2026-07-25T14:09:57+00:00
25.07.2026 16:00,iller-sonthofen,temp,16.4,°C,2026-07-25T14:09:57+00:00
25.07.2026 16:00,iller-sonthofen,level,52.0,cm,2026-07-25T14:09:57+00:00
25.07.2026 16:00,iller-sonthofen,discharge,5.38,m³/s,2026-07-25T14:09:57+00:00
25.07.2026 17:30,forggensee,level,780.65,m ü. NN,2026-07-25T15:39:57+00:00
25.07.2026 17:30,bodensee,temp,24.5,°C,2026-07-25T15:39:57+00:00
25.07.2026 17:30,bodensee,level,394.85,m ü. NN,2026-07-25T15:39:57+00:00
25.07.2026 17:30,rottachsee,temp,23.0,°C,2026-07-25T15:39:57+00:00
25.07.2026 17:30,rottachsee,level,848.96,m ü. NN,2026-07-25T15:39:57+00:00
25.07.2026 17:30,gruentensee,level,876.01,m ü. NN,2026-07-25T15:39:57+00:00
25.07.2026 17:30,grosser-alpsee,level,724.82,m ü. NN,2026-07-25T15:39:57+00:00
25.07.2026 17:15,hopfensee,level,783.81,m ü. NN,2026-07-25T15:39:57+00:00
25.07.2026 17:30,weissensee,level,787.27,m ü. NN,2026-07-25T15:39:57+00:00
25.07.2026 17:30,iller-kempten,temp,18.1,°C,2026-07-25T15:39:57+00:00
25.07.2026 17:30,iller-kempten,level,92.0,cm,2026-07-25T15:39:57+00:00
25.07.2026 17:30,iller-kempten,discharge,14.8,m³/s,2026-07-25T15:39:57+00:00
25.07.2026 17:30,iller-sonthofen,temp,16.6,°C,2026-07-25T15:39:57+00:00
25.07.2026 17:30,iller-sonthofen,level,52.0,cm,2026-07-25T15:39:57+00:00
25.07.2026 17:30,iller-sonthofen,discharge,5.38,m³/s,2026-07-25T15:39:57+00:00
25.07.2026 18:45,forggensee,level,780.64,m ü. NN,2026-07-25T16:58:00+00:00
25.07.2026 18:45,bodensee,temp,24.5,°C,2026-07-25T16:58:00+00:00
25.07.2026 18:45,bodensee,level,394.85,m ü. NN,2026-07-25T16:58:00+00:00
25.07.2026 18:45,rottachsee,temp,22.7,°C,2026-07-25T16:58:00+00:00
25.07.2026 18:45,rottachsee,level,848.96,m ü. NN,2026-07-25T16:58:00+00:00
25.07.2026 18:45,gruentensee,level,876.01,m ü. NN,2026-07-25T16:58:00+00:00
25.07.2026 18:45,grosser-alpsee,level,724.82,m ü. NN,2026-07-25T16:58:00+00:00
25.07.2026 18:30,hopfensee,level,783.81,m ü. NN,2026-07-25T16:58:00+00:00
25.07.2026 18:45,weissensee,level,787.27,m ü. NN,2026-07-25T16:58:00+00:00
25.07.2026 18:45,iller-kempten,temp,18.1,°C,2026-07-25T16:58:00+00:00
25.07.2026 18:45,iller-kempten,level,89.0,cm,2026-07-25T16:58:00+00:00
25.07.2026 18:45,iller-kempten,discharge,13.5,m³/s,2026-07-25T16:58:00+00:00
25.07.2026 18:45,iller-sonthofen,temp,16.5,°C,2026-07-25T16:58:00+00:00
25.07.2026 18:45,iller-sonthofen,level,51.0,cm,2026-07-25T16:58:00+00:00
25.07.2026 18:45,iller-sonthofen,discharge,5.1,m³/s,2026-07-25T16:58:00+00:00
25.07.2026 19:45,forggensee,level,780.63,m ü. NN,2026-07-25T18:01:38+00:00
25.07.2026 19:45,bodensee,temp,24.5,°C,2026-07-25T18:01:38+00:00
25.07.2026 19:45,bodensee,level,394.85,m ü. NN,2026-07-25T18:01:38+00:00
25.07.2026 19:45,rottachsee,temp,22.5,°C,2026-07-25T18:01:38+00:00
25.07.2026 19:45,rottachsee,level,848.96,m ü. NN,2026-07-25T18:01:38+00:00
25.07.2026 19:45,gruentensee,level,876.01,m ü. NN,2026-07-25T18:01:38+00:00
25.07.2026 19:45,grosser-alpsee,level,724.82,m ü. NN,2026-07-25T18:01:38+00:00
25.07.2026 19:45,hopfensee,level,783.81,m ü. NN,2026-07-25T18:01:38+00:00
25.07.2026 19:45,weissensee,level,787.27,m ü. NN,2026-07-25T18:01:38+00:00
25.07.2026 19:45,iller-kempten,temp,18.0,°C,2026-07-25T18:01:38+00:00
25.07.2026 19:45,iller-kempten,level,92.0,cm,2026-07-25T18:01:38+00:00
25.07.2026 19:45,iller-kempten,discharge,14.8,m³/s,2026-07-25T18:01:38+00:00
25.07.2026 19:45,iller-sonthofen,temp,16.3,°C,2026-07-25T18:01:38+00:00
25.07.2026 19:45,iller-sonthofen,level,51.0,cm,2026-07-25T18:01:38+00:00
25.07.2026 19:45,iller-sonthofen,discharge,5.1,m³/s,2026-07-25T18:01:38+00:00
25.07.2026 21:30,forggensee,level,780.63,m ü. NN,2026-07-25T19:42:55+00:00
25.07.2026 21:30,bodensee,temp,24.4,°C,2026-07-25T19:42:55+00:00
25.07.2026 21:30,bodensee,level,394.84,m ü. NN,2026-07-25T19:42:55+00:00
25.07.2026 21:30,rottachsee,temp,22.5,°C,2026-07-25T19:42:55+00:00
25.07.2026 21:30,rottachsee,level,848.95,m ü. NN,2026-07-25T19:42:55+00:00
25.07.2026 21:30,gruentensee,level,876.01,m ü. NN,2026-07-25T19:42:55+00:00
25.07.2026 21:30,grosser-alpsee,level,724.82,m ü. NN,2026-07-25T19:42:55+00:00
25.07.2026 21:30,hopfensee,level,783.8,m ü. NN,2026-07-25T19:42:55+00:00
25.07.2026 21:30,weissensee,level,787.27,m ü. NN,2026-07-25T19:42:55+00:00
25.07.2026 21:30,iller-kempten,temp,17.8,°C,2026-07-25T19:42:55+00:00
25.07.2026 21:30,iller-kempten,level,88.0,cm,2026-07-25T19:42:55+00:00
25.07.2026 21:30,iller-kempten,discharge,13.1,m³/s,2026-07-25T19:42:55+00:00
25.07.2026 21:30,iller-sonthofen,temp,15.7,°C,2026-07-25T19:42:55+00:00
25.07.2026 21:30,iller-sonthofen,level,51.0,cm,2026-07-25T19:42:55+00:00
25.07.2026 21:30,iller-sonthofen,discharge,5.1,m³/s,2026-07-25T19:42:55+00:00
25.07.2026 22:45,forggensee,level,780.62,m ü. NN,2026-07-25T20:54:10+00:00
25.07.2026 22:45,bodensee,temp,24.4,°C,2026-07-25T20:54:10+00:00
25.07.2026 22:45,bodensee,level,394.85,m ü. NN,2026-07-25T20:54:10+00:00
25.07.2026 22:45,rottachsee,temp,22.4,°C,2026-07-25T20:54:10+00:00
25.07.2026 22:45,rottachsee,level,848.95,m ü. NN,2026-07-25T20:54:10+00:00
25.07.2026 22:45,gruentensee,level,876.01,m ü. NN,2026-07-25T20:54:10+00:00
25.07.2026 22:45,grosser-alpsee,level,724.82,m ü. NN,2026-07-25T20:54:10+00:00
25.07.2026 22:45,hopfensee,level,783.8,m ü. NN,2026-07-25T20:54:10+00:00
25.07.2026 22:45,weissensee,level,787.27,m ü. NN,2026-07-25T20:54:10+00:00
25.07.2026 22:45,iller-kempten,temp,17.7,°C,2026-07-25T20:54:10+00:00
25.07.2026 22:45,iller-kempten,level,91.0,cm,2026-07-25T20:54:10+00:00
25.07.2026 22:45,iller-kempten,discharge,14.3,m³/s,2026-07-25T20:54:10+00:00
25.07.2026 22:45,iller-sonthofen,temp,15.3,°C,2026-07-25T20:54:10+00:00
25.07.2026 22:45,iller-sonthofen,level,51.0,cm,2026-07-25T20:54:10+00:00
25.07.2026 22:45,iller-sonthofen,discharge,5.1,m³/s,2026-07-25T20:54:10+00:00
25.07.2026 23:45,forggensee,level,780.61,m ü. NN,2026-07-25T21:56:17+00:00
25.07.2026 23:45,bodensee,temp,24.1,°C,2026-07-25T21:56:17+00:00
25.07.2026 23:45,bodensee,level,394.85,m ü. NN,2026-07-25T21:56:17+00:00
25.07.2026 23:45,rottachsee,temp,22.4,°C,2026-07-25T21:56:17+00:00
25.07.2026 23:45,rottachsee,level,848.94,m ü. NN,2026-07-25T21:56:17+00:00
25.07.2026 23:45,gruentensee,level,876.01,m ü. NN,2026-07-25T21:56:17+00:00
25.07.2026 23:45,grosser-alpsee,level,724.82,m ü. NN,2026-07-25T21:56:17+00:00
25.07.2026 23:45,hopfensee,level,783.8,m ü. NN,2026-07-25T21:56:17+00:00
25.07.2026 23:45,weissensee,level,787.27,m ü. NN,2026-07-25T21:56:17+00:00
25.07.2026 23:45,iller-kempten,temp,17.6,°C,2026-07-25T21:56:17+00:00
25.07.2026 23:45,iller-kempten,level,88.0,cm,2026-07-25T21:56:17+00:00
25.07.2026 23:45,iller-kempten,discharge,13.1,m³/s,2026-07-25T21:56:17+00:00
25.07.2026 23:45,iller-sonthofen,temp,15.1,°C,2026-07-25T21:56:17+00:00
25.07.2026 23:45,iller-sonthofen,level,51.0,cm,2026-07-25T21:56:17+00:00
25.07.2026 23:45,iller-sonthofen,discharge,5.1,m³/s,2026-07-25T21:56:17+00:00
26.07.2026 00:45,forggensee,level,780.61,m ü. NN,2026-07-25T22:57:47+00:00
26.07.2026 00:45,bodensee,temp,23.9,°C,2026-07-25T22:57:47+00:00
26.07.2026 00:45,bodensee,level,394.85,m ü. NN,2026-07-25T22:57:47+00:00
26.07.2026 00:45,rottachsee,temp,22.4,°C,2026-07-25T22:57:47+00:00
26.07.2026 00:45,rottachsee,level,848.94,m ü. NN,2026-07-25T22:57:47+00:00
26.07.2026 00:45,gruentensee,level,876.01,m ü. NN,2026-07-25T22:57:47+00:00
26.07.2026 00:45,grosser-alpsee,level,724.82,m ü. NN,2026-07-25T22:57:47+00:00
26.07.2026 00:45,hopfensee,level,783.8,m ü. NN,2026-07-25T22:57:47+00:00
26.07.2026 00:45,weissensee,level,787.27,m ü. NN,2026-07-25T22:57:47+00:00
26.07.2026 00:45,iller-kempten,temp,17.7,°C,2026-07-25T22:57:47+00:00
26.07.2026 00:45,iller-kempten,level,90.0,cm,2026-07-25T22:57:47+00:00
26.07.2026 00:45,iller-kempten,discharge,13.9,m³/s,2026-07-25T22:57:47+00:00
26.07.2026 00:45,iller-sonthofen,temp,14.9,°C,2026-07-25T22:57:47+00:00
26.07.2026 00:45,iller-sonthofen,level,51.0,cm,2026-07-25T22:57:47+00:00
26.07.2026 00:45,iller-sonthofen,discharge,5.1,m³/s,2026-07-25T22:57:47+00:00
26.07.2026 02:00,forggensee,level,780.6,m ü. NN,2026-07-26T00:06:36+00:00
26.07.2026 02:00,bodensee,temp,23.8,°C,2026-07-26T00:06:36+00:00
26.07.2026 02:00,bodensee,level,394.84,m ü. NN,2026-07-26T00:06:36+00:00
26.07.2026 02:00,rottachsee,temp,22.4,°C,2026-07-26T00:06:36+00:00
26.07.2026 02:00,rottachsee,level,848.94,m ü. NN,2026-07-26T00:06:36+00:00
26.07.2026 02:00,gruentensee,level,876.01,m ü. NN,2026-07-26T00:06:36+00:00
26.07.2026 02:00,grosser-alpsee,level,724.82,m ü. NN,2026-07-26T00:06:36+00:00
26.07.2026 02:00,hopfensee,level,783.81,m ü. NN,2026-07-26T00:06:36+00:00
26.07.2026 02:00,weissensee,level,787.27,m ü. NN,2026-07-26T00:06:36+00:00
26.07.2026 02:00,iller-kempten,temp,17.7,°C,2026-07-26T00:06:36+00:00
26.07.2026 02:00,iller-kempten,level,90.0,cm,2026-07-26T00:06:36+00:00
26.07.2026 02:00,iller-kempten,discharge,13.9,m³/s,2026-07-26T00:06:36+00:00
26.07.2026 02:00,iller-sonthofen,temp,14.6,°C,2026-07-26T00:06:36+00:00
26.07.2026 02:00,iller-sonthofen,level,51.0,cm,2026-07-26T00:06:36+00:00
26.07.2026 02:00,iller-sonthofen,discharge,5.1,m³/s,2026-07-26T00:06:36+00:00
26.07.2026 06:00,forggensee,level,780.59,m ü. NN,2026-07-26T04:05:52+00:00
26.07.2026 06:00,bodensee,temp,23.4,°C,2026-07-26T04:05:52+00:00
26.07.2026 06:00,bodensee,level,394.84,m ü. NN,2026-07-26T04:05:52+00:00
26.07.2026 06:00,rottachsee,temp,22.3,°C,2026-07-26T04:05:52+00:00
26.07.2026 06:00,rottachsee,level,848.92,m ü. NN,2026-07-26T04:05:52+00:00
26.07.2026 06:00,gruentensee,level,875.97,m ü. NN,2026-07-26T04:05:52+00:00
26.07.2026 06:00,grosser-alpsee,level,724.82,m ü. NN,2026-07-26T04:05:52+00:00
26.07.2026 05:00,bannwaldsee,level,785.84,m ü. NN,2026-07-26T04:05:52+00:00
26.07.2026 06:00,hopfensee,level,783.8,m ü. NN,2026-07-26T04:05:52+00:00
26.07.2026 06:00,weissensee,level,787.27,m ü. NN,2026-07-26T04:05:52+00:00
26.07.2026 05:00,niedersonthofener-see,level,704.01,m ü. NN,2026-07-26T04:05:52+00:00
26.07.2026 06:00,iller-kempten,temp,17.6,°C,2026-07-26T04:05:52+00:00
26.07.2026 06:00,iller-kempten,level,89.0,cm,2026-07-26T04:05:52+00:00
26.07.2026 06:00,iller-kempten,discharge,13.5,m³/s,2026-07-26T04:05:52+00:00
26.07.2026 06:00,iller-sonthofen,temp,13.7,°C,2026-07-26T04:05:52+00:00
26.07.2026 06:00,iller-sonthofen,level,51.0,cm,2026-07-26T04:05:52+00:00
26.07.2026 06:00,iller-sonthofen,discharge,5.1,m³/s,2026-07-26T04:05:52+00:00
26.07.2026 09:00,forggensee,level,780.59,m ü. NN,2026-07-26T07:10:23+00:00
26.07.2026 09:00,bodensee,temp,23.3,°C,2026-07-26T07:10:23+00:00
26.07.2026 09:00,bodensee,level,394.84,m ü. NN,2026-07-26T07:10:23+00:00
26.07.2026 09:00,rottachsee,temp,22.2,°C,2026-07-26T07:10:23+00:00
26.07.2026 09:00,rottachsee,level,848.92,m ü. NN,2026-07-26T07:10:23+00:00
26.07.2026 09:00,gruentensee,level,876.0,m ü. NN,2026-07-26T07:10:23+00:00
26.07.2026 09:00,grosser-alpsee,level,724.82,m ü. NN,2026-07-26T07:10:23+00:00
26.07.2026 09:00,hopfensee,level,783.81,m ü. NN,2026-07-26T07:10:23+00:00
26.07.2026 09:00,weissensee,level,787.27,m ü. NN,2026-07-26T07:10:23+00:00
26.07.2026 09:00,iller-kempten,temp,17.5,°C,2026-07-26T07:10:23+00:00
26.07.2026 09:00,iller-kempten,level,97.0,cm,2026-07-26T07:10:23+00:00
26.07.2026 09:00,iller-kempten,discharge,17.2,m³/s,2026-07-26T07:10:23+00:00
26.07.2026 09:00,iller-sonthofen,temp,13.2,°C,2026-07-26T07:10:23+00:00
26.07.2026 09:00,iller-sonthofen,level,53.0,cm,2026-07-26T07:10:23+00:00
26.07.2026 09:00,iller-sonthofen,discharge,5.67,m³/s,2026-07-26T07:10:23+00:00
26.07.2026 11:15,forggensee,level,780.58,m ü. NN,2026-07-26T09:33:09+00:00
26.07.2026 11:15,bodensee,temp,23.2,°C,2026-07-26T09:33:09+00:00
26.07.2026 11:15,bodensee,level,394.83,m ü. NN,2026-07-26T09:33:09+00:00
26.07.2026 11:30,rottachsee,temp,22.2,°C,2026-07-26T09:33:09+00:00
26.07.2026 11:30,rottachsee,level,848.91,m ü. NN,2026-07-26T09:33:09+00:00
26.07.2026 11:15,gruentensee,level,876.0,m ü. NN,2026-07-26T09:33:09+00:00
26.07.2026 11:30,grosser-alpsee,level,724.82,m ü. NN,2026-07-26T09:33:09+00:00
26.07.2026 11:15,hopfensee,level,783.81,m ü. NN,2026-07-26T09:33:09+00:00
26.07.2026 11:15,weissensee,level,787.27,m ü. NN,2026-07-26T09:33:09+00:00
26.07.2026 11:15,iller-kempten,temp,17.4,°C,2026-07-26T09:33:09+00:00
26.07.2026 11:15,iller-kempten,level,89.0,cm,2026-07-26T09:33:09+00:00
26.07.2026 11:15,iller-kempten,discharge,13.5,m³/s,2026-07-26T09:33:09+00:00
26.07.2026 11:15,iller-sonthofen,temp,12.9,°C,2026-07-26T09:33:09+00:00
26.07.2026 11:15,iller-sonthofen,level,52.0,cm,2026-07-26T09:33:09+00:00
26.07.2026 11:15,iller-sonthofen,discharge,5.38,m³/s,2026-07-26T09:33:09+00:00
26.07.2026 13:15,forggensee,level,780.59,m ü. NN,2026-07-26T11:19:19+00:00
26.07.2026 13:15,bodensee,temp,23.2,°C,2026-07-26T11:19:19+00:00
26.07.2026 13:15,bodensee,level,394.83,m ü. NN,2026-07-26T11:19:19+00:00
26.07.2026 13:15,rottachsee,temp,22.3,°C,2026-07-26T11:19:19+00:00
26.07.2026 13:15,rottachsee,level,848.9,m ü. NN,2026-07-26T11:19:19+00:00
26.07.2026 13:15,gruentensee,level,876.0,m ü. NN,2026-07-26T11:19:19+00:00
26.07.2026 13:15,grosser-alpsee,level,724.82,m ü. NN,2026-07-26T11:19:19+00:00
26.07.2026 13:15,hopfensee,level,783.81,m ü. NN,2026-07-26T11:19:19+00:00
26.07.2026 13:15,weissensee,level,787.27,m ü. NN,2026-07-26T11:19:19+00:00
26.07.2026 13:15,iller-kempten,temp,17.4,°C,2026-07-26T11:19:19+00:00
26.07.2026 13:15,iller-kempten,level,92.0,cm,2026-07-26T11:19:19+00:00
26.07.2026 13:15,iller-kempten,discharge,14.8,m³/s,2026-07-26T11:19:19+00:00
26.07.2026 13:15,iller-sonthofen,temp,13.1,°C,2026-07-26T11:19:19+00:00
26.07.2026 13:15,iller-sonthofen,level,52.0,cm,2026-07-26T11:19:19+00:00
26.07.2026 13:15,iller-sonthofen,discharge,5.38,m³/s,2026-07-26T11:19:19+00:00
26.07.2026 14:15,forggensee,level,780.59,m ü. NN,2026-07-26T12:38:00+00:00
26.07.2026 14:15,bodensee,temp,23.2,°C,2026-07-26T12:38:00+00:00
26.07.2026 14:15,bodensee,level,394.83,m ü. NN,2026-07-26T12:38:00+00:00
26.07.2026 14:15,rottachsee,temp,22.3,°C,2026-07-26T12:38:00+00:00
26.07.2026 14:30,rottachsee,level,848.92,m ü. NN,2026-07-26T12:38:00+00:00
26.07.2026 14:15,gruentensee,level,876.0,m ü. NN,2026-07-26T12:38:00+00:00
26.07.2026 14:15,grosser-alpsee,level,724.82,m ü. NN,2026-07-26T12:38:00+00:00
26.07.2026 14:00,hopfensee,level,783.81,m ü. NN,2026-07-26T12:38:00+00:00
26.07.2026 14:15,weissensee,level,787.27,m ü. NN,2026-07-26T12:38:00+00:00
26.07.2026 14:30,iller-kempten,temp,17.4,°C,2026-07-26T12:38:00+00:00
26.07.2026 14:30,iller-kempten,level,89.0,cm,2026-07-26T12:38:00+00:00
26.07.2026 14:30,iller-kempten,discharge,13.5,m³/s,2026-07-26T12:38:00+00:00
26.07.2026 14:15,iller-sonthofen,temp,13.3,°C,2026-07-26T12:38:00+00:00
26.07.2026 14:15,iller-sonthofen,level,51.0,cm,2026-07-26T12:38:00+00:00
26.07.2026 14:15,iller-sonthofen,discharge,5.1,m³/s,2026-07-26T12:38:00+00:00
26.07.2026 16:30,forggensee,level,780.6,m ü. NN,2026-07-26T14:36:49+00:00
26.07.2026 16:30,bodensee,temp,23.5,°C,2026-07-26T14:36:49+00:00
26.07.2026 16:30,bodensee,level,394.84,m ü. NN,2026-07-26T14:36:49+00:00
26.07.2026 16:30,rottachsee,temp,22.3,°C,2026-07-26T14:36:49+00:00
26.07.2026 16:30,rottachsee,level,848.89,m ü. NN,2026-07-26T14:36:49+00:00
26.07.2026 16:30,gruentensee,level,876.0,m ü. NN,2026-07-26T14:36:49+00:00
26.07.2026 16:30,grosser-alpsee,level,724.81,m ü. NN,2026-07-26T14:36:49+00:00
26.07.2026 16:30,hopfensee,level,783.81,m ü. NN,2026-07-26T14:36:49+00:00
26.07.2026 16:30,weissensee,level,787.27,m ü. NN,2026-07-26T14:36:49+00:00
26.07.2026 16:30,iller-kempten,temp,17.4,°C,2026-07-26T14:36:49+00:00
26.07.2026 16:30,iller-kempten,level,92.0,cm,2026-07-26T14:36:49+00:00
26.07.2026 16:30,iller-kempten,discharge,14.8,m³/s,2026-07-26T14:36:49+00:00
26.07.2026 16:30,iller-sonthofen,temp,13.8,°C,2026-07-26T14:36:49+00:00
26.07.2026 16:30,iller-sonthofen,level,51.0,cm,2026-07-26T14:36:49+00:00
26.07.2026 16:30,iller-sonthofen,discharge,5.1,m³/s,2026-07-26T14:36:49+00:00
26.07.2026 17:45,forggensee,level,780.6,m ü. NN,2026-07-26T16:01:26+00:00
26.07.2026 17:45,bodensee,temp,23.7,°C,2026-07-26T16:01:26+00:00
26.07.2026 17:45,bodensee,level,394.84,m ü. NN,2026-07-26T16:01:26+00:00
26.07.2026 17:45,rottachsee,temp,22.4,°C,2026-07-26T16:01:26+00:00
26.07.2026 17:45,rottachsee,level,848.89,m ü. NN,2026-07-26T16:01:26+00:00
26.07.2026 17:45,gruentensee,level,876.0,m ü. NN,2026-07-26T16:01:26+00:00
26.07.2026 17:45,grosser-alpsee,level,724.81,m ü. NN,2026-07-26T16:01:26+00:00
26.07.2026 17:45,hopfensee,level,783.81,m ü. NN,2026-07-26T16:01:26+00:00
26.07.2026 17:45,weissensee,level,787.27,m ü. NN,2026-07-26T16:01:26+00:00
26.07.2026 17:45,iller-kempten,temp,17.5,°C,2026-07-26T16:01:26+00:00
26.07.2026 17:45,iller-kempten,level,91.0,cm,2026-07-26T16:01:26+00:00
26.07.2026 17:45,iller-kempten,discharge,14.3,m³/s,2026-07-26T16:01:26+00:00
26.07.2026 17:45,iller-sonthofen,temp,14.4,°C,2026-07-26T16:01:26+00:00
26.07.2026 17:45,iller-sonthofen,level,50.0,cm,2026-07-26T16:01:26+00:00
26.07.2026 17:45,iller-sonthofen,discharge,4.83,m³/s,2026-07-26T16:01:26+00:00
26.07.2026 19:15,forggensee,level,780.6,m ü. NN,2026-07-26T17:32:22+00:00
26.07.2026 19:15,bodensee,temp,23.6,°C,2026-07-26T17:32:22+00:00
26.07.2026 19:15,bodensee,level,394.83,m ü. NN,2026-07-26T17:32:22+00:00
26.07.2026 19:15,rottachsee,temp,22.0,°C,2026-07-26T17:32:22+00:00
26.07.2026 19:15,rottachsee,level,848.88,m ü. NN,2026-07-26T17:32:22+00:00
26.07.2026 19:15,gruentensee,level,876.0,m ü. NN,2026-07-26T17:32:22+00:00
26.07.2026 19:15,grosser-alpsee,level,724.81,m ü. NN,2026-07-26T17:32:22+00:00
26.07.2026 19:00,hopfensee,level,783.81,m ü. NN,2026-07-26T17:32:22+00:00
26.07.2026 19:15,weissensee,level,787.28,m ü. NN,2026-07-26T17:32:22+00:00
26.07.2026 19:15,iller-kempten,temp,17.5,°C,2026-07-26T17:32:22+00:00
26.07.2026 19:30,iller-kempten,level,89.0,cm,2026-07-26T17:32:22+00:00
26.07.2026 19:30,iller-kempten,discharge,13.5,m³/s,2026-07-26T17:32:22+00:00
26.07.2026 19:15,iller-sonthofen,temp,14.6,°C,2026-07-26T17:32:22+00:00
26.07.2026 19:15,iller-sonthofen,level,51.0,cm,2026-07-26T17:32:22+00:00
26.07.2026 19:15,iller-sonthofen,discharge,5.1,m³/s,2026-07-26T17:32:22+00:00
26.07.2026 21:00,forggensee,level,780.59,m ü. NN,2026-07-26T19:11:05+00:00
26.07.2026 21:00,bodensee,temp,23.5,°C,2026-07-26T19:11:05+00:00
26.07.2026 21:00,bodensee,level,394.83,m ü. NN,2026-07-26T19:11:05+00:00
26.07.2026 21:00,rottachsee,temp,21.8,°C,2026-07-26T19:11:05+00:00
26.07.2026 21:00,rottachsee,level,848.88,m ü. NN,2026-07-26T19:11:05+00:00
26.07.2026 21:00,gruentensee,level,876.0,m ü. NN,2026-07-26T19:11:05+00:00
26.07.2026 21:00,grosser-alpsee,level,724.81,m ü. NN,2026-07-26T19:11:05+00:00
26.07.2026 21:00,hopfensee,level,783.81,m ü. NN,2026-07-26T19:11:05+00:00
26.07.2026 21:00,weissensee,level,787.28,m ü. NN,2026-07-26T19:11:05+00:00
26.07.2026 21:00,iller-kempten,temp,17.3,°C,2026-07-26T19:11:05+00:00
26.07.2026 21:00,iller-kempten,level,91.0,cm,2026-07-26T19:11:05+00:00
26.07.2026 21:00,iller-kempten,discharge,14.3,m³/s,2026-07-26T19:11:05+00:00
26.07.2026 21:00,iller-sonthofen,temp,14.4,°C,2026-07-26T19:11:05+00:00
26.07.2026 21:00,iller-sonthofen,level,50.0,cm,2026-07-26T19:11:05+00:00
26.07.2026 21:00,iller-sonthofen,discharge,4.83,m³/s,2026-07-26T19:11:05+00:00
26.07.2026 22:15,forggensee,level,780.58,m ü. NN,2026-07-26T20:29:35+00:00
26.07.2026 22:15,bodensee,temp,23.4,°C,2026-07-26T20:29:35+00:00
26.07.2026 22:15,bodensee,level,394.83,m ü. NN,2026-07-26T20:29:35+00:00
26.07.2026 22:15,rottachsee,temp,21.7,°C,2026-07-26T20:29:35+00:00
26.07.2026 22:15,rottachsee,level,848.87,m ü. NN,2026-07-26T20:29:35+00:00
26.07.2026 22:15,gruentensee,level,876.0,m ü. NN,2026-07-26T20:29:35+00:00
26.07.2026 22:15,grosser-alpsee,level,724.81,m ü. NN,2026-07-26T20:29:35+00:00
26.07.2026 22:15,hopfensee,level,783.81,m ü. NN,2026-07-26T20:29:35+00:00
26.07.2026 22:15,weissensee,level,787.27,m ü. NN,2026-07-26T20:29:35+00:00
26.07.2026 22:15,iller-kempten,temp,17.1,°C,2026-07-26T20:29:35+00:00
26.07.2026 22:15,iller-kempten,level,92.0,cm,2026-07-26T20:29:35+00:00
26.07.2026 22:15,iller-kempten,discharge,14.8,m³/s,2026-07-26T20:29:35+00:00
26.07.2026 22:15,iller-sonthofen,temp,14.2,°C,2026-07-26T20:29:35+00:00
26.07.2026 22:15,iller-sonthofen,level,50.0,cm,2026-07-26T20:29:35+00:00
26.07.2026 22:15,iller-sonthofen,discharge,4.83,m³/s,2026-07-26T20:29:35+00:00
26.07.2026 23:15,forggensee,level,780.58,m ü. NN,2026-07-26T21:29:50+00:00
26.07.2026 23:15,bodensee,temp,23.4,°C,2026-07-26T21:29:50+00:00
26.07.2026 23:15,bodensee,level,394.83,m ü. NN,2026-07-26T21:29:50+00:00
26.07.2026 23:15,rottachsee,temp,21.6,°C,2026-07-26T21:29:50+00:00
26.07.2026 23:15,rottachsee,level,848.87,m ü. NN,2026-07-26T21:29:50+00:00
26.07.2026 23:15,gruentensee,level,876.0,m ü. NN,2026-07-26T21:29:50+00:00
26.07.2026 23:15,grosser-alpsee,level,724.81,m ü. NN,2026-07-26T21:29:50+00:00
26.07.2026 23:15,hopfensee,level,783.81,m ü. NN,2026-07-26T21:29:50+00:00
26.07.2026 23:15,weissensee,level,787.27,m ü. NN,2026-07-26T21:29:50+00:00
26.07.2026 23:15,iller-kempten,temp,17.1,°C,2026-07-26T21:29:50+00:00
26.07.2026 23:15,iller-kempten,level,88.0,cm,2026-07-26T21:29:50+00:00
26.07.2026 23:15,iller-kempten,discharge,13.1,m³/s,2026-07-26T21:29:50+00:00
26.07.2026 23:15,iller-sonthofen,temp,13.9,°C,2026-07-26T21:29:50+00:00
26.07.2026 23:15,iller-sonthofen,level,50.0,cm,2026-07-26T21:29:50+00:00
26.07.2026 23:15,iller-sonthofen,discharge,4.83,m³/s,2026-07-26T21:29:50+00:00
27.07.2026 00:30,forggensee,level,780.57,m ü. NN,2026-07-26T22:33:55+00:00
27.07.2026 00:30,bodensee,temp,23.3,°C,2026-07-26T22:33:55+00:00
27.07.2026 00:30,bodensee,level,394.83,m ü. NN,2026-07-26T22:33:55+00:00
27.07.2026 00:30,rottachsee,temp,21.7,°C,2026-07-26T22:33:55+00:00
27.07.2026 00:30,rottachsee,level,848.87,m ü. NN,2026-07-26T22:33:55+00:00
27.07.2026 00:30,gruentensee,level,876.0,m ü. NN,2026-07-26T22:33:55+00:00
27.07.2026 00:30,grosser-alpsee,level,724.81,m ü. NN,2026-07-26T22:33:55+00:00
27.07.2026 00:15,hopfensee,level,783.81,m ü. NN,2026-07-26T22:33:55+00:00
27.07.2026 00:30,weissensee,level,787.27,m ü. NN,2026-07-26T22:33:55+00:00
27.07.2026 00:30,iller-kempten,temp,16.9,°C,2026-07-26T22:33:55+00:00
27.07.2026 00:30,iller-kempten,level,90.0,cm,2026-07-26T22:33:55+00:00
27.07.2026 00:30,iller-kempten,discharge,13.9,m³/s,2026-07-26T22:33:55+00:00
27.07.2026 00:30,iller-sonthofen,temp,13.6,°C,2026-07-26T22:33:55+00:00
27.07.2026 00:30,iller-sonthofen,level,50.0,cm,2026-07-26T22:33:55+00:00
27.07.2026 00:30,iller-sonthofen,discharge,4.83,m³/s,2026-07-26T22:33:55+00:00
27.07.2026 01:45,forggensee,level,780.57,m ü. NN,2026-07-26T23:59:52+00:00
27.07.2026 01:45,bodensee,temp,23.2,°C,2026-07-26T23:59:52+00:00
27.07.2026 01:45,bodensee,level,394.83,m ü. NN,2026-07-26T23:59:52+00:00
27.07.2026 01:45,rottachsee,temp,21.7,°C,2026-07-26T23:59:52+00:00
27.07.2026 01:45,rottachsee,level,848.86,m ü. NN,2026-07-26T23:59:52+00:00
27.07.2026 01:45,gruentensee,level,876.0,m ü. NN,2026-07-26T23:59:52+00:00
27.07.2026 01:45,grosser-alpsee,level,724.81,m ü. NN,2026-07-26T23:59:52+00:00
27.07.2026 01:30,hopfensee,level,783.81,m ü. NN,2026-07-26T23:59:52+00:00
27.07.2026 01:45,weissensee,level,787.27,m ü. NN,2026-07-26T23:59:52+00:00
27.07.2026 01:45,iller-kempten,temp,16.8,°C,2026-07-26T23:59:52+00:00
27.07.2026 01:45,iller-kempten,level,87.0,cm,2026-07-26T23:59:52+00:00
27.07.2026 01:45,iller-kempten,discharge,12.6,m³/s,2026-07-26T23:59:52+00:00
27.07.2026 01:45,iller-sonthofen,temp,13.3,°C,2026-07-26T23:59:52+00:00
27.07.2026 01:45,iller-sonthofen,level,50.0,cm,2026-07-26T23:59:52+00:00
27.07.2026 01:45,iller-sonthofen,discharge,4.83,m³/s,2026-07-26T23:59:52+00:00
27.07.2026 05:45,forggensee,level,780.56,m ü. NN,2026-07-27T03:56:01+00:00
27.07.2026 05:45,bodensee,temp,23.0,°C,2026-07-27T03:56:01+00:00
27.07.2026 05:45,bodensee,level,394.83,m ü. NN,2026-07-27T03:56:01+00:00
27.07.2026 05:45,rottachsee,temp,21.5,°C,2026-07-27T03:56:01+00:00
27.07.2026 05:45,rottachsee,level,848.85,m ü. NN,2026-07-27T03:56:01+00:00
27.07.2026 05:45,gruentensee,level,876.0,m ü. NN,2026-07-27T03:56:01+00:00
27.07.2026 05:45,grosser-alpsee,level,724.81,m ü. NN,2026-07-27T03:56:01+00:00
27.07.2026 05:00,bannwaldsee,level,785.84,m ü. NN,2026-07-27T03:56:01+00:00
27.07.2026 05:45,hopfensee,level,783.81,m ü. NN,2026-07-27T03:56:01+00:00
27.07.2026 05:45,weissensee,level,787.27,m ü. NN,2026-07-27T03:56:01+00:00
27.07.2026 05:00,niedersonthofener-see,level,704.0,m ü. NN,2026-07-27T03:56:01+00:00
27.07.2026 05:45,iller-kempten,temp,16.7,°C,2026-07-27T03:56:01+00:00
27.07.2026 05:45,iller-kempten,level,88.0,cm,2026-07-27T03:56:01+00:00
27.07.2026 05:45,iller-kempten,discharge,13.1,m³/s,2026-07-27T03:56:01+00:00
27.07.2026 05:45,iller-sonthofen,temp,12.7,°C,2026-07-27T03:56:01+00:00
27.07.2026 05:45,iller-sonthofen,level,50.0,cm,2026-07-27T03:56:01+00:00
27.07.2026 05:45,iller-sonthofen,discharge,4.83,m³/s,2026-07-27T03:56:01+00:00
